level,scheme,learner,contrast,target,diff,lo,hi,n_folds,units
0.03,group,qrf,structured vs chained,cec,0.02303437678893952,-0.000550923279452737,0.046619676857331774,5,15
0.03,group,qrf,structured vs chained,n,0.011063001704593933,-0.01834075235821897,0.04046675576740683,5,15
0.03,group,qrf,structured vs chained,mean,0.017048689246766727,-0.001864762746982735,0.03596214124051619,5,15
0.03,group,qrf,structured_ya vs chained,cec,0.02415749052768052,0.003937577440579747,0.04437740361478129,5,15
0.03,group,qrf,structured_ya vs chained,n,0.029190912468655093,0.008408664288701382,0.04997316064860881,5,15
0.03,group,qrf,structured_ya vs chained,mean,0.02667420149816781,0.012300029330806617,0.041048373665529006,5,15
0.03,group,qrf,structured vs ptf_marg,cec,0.032225809971101235,-0.016401492919143515,0.08085311286134599,5,15
0.03,group,qrf,structured vs ptf_marg,n,0.021576377309560055,0.0011099560592752848,0.04204279855984483,5,15
0.03,group,qrf,structured vs ptf_marg,mean,0.026901093640330644,0.005045797769750091,0.0487563895109112,5,15
0.03,group,qrf,structured vs ptf,cec,0.04648384525377287,-0.012566408730952841,0.10553409923849857,5,15
0.03,group,qrf,structured vs ptf,n,0.02426749350631757,-0.002120484921214045,0.050655471933849186,5,15
0.03,group,qrf,structured vs ptf,mean,0.035375669380045216,0.0056754710283667235,0.0650758677317237,5,15
0.03,group,qrf,structured vs clip,cec,0.05226214337783673,0.03182893294606863,0.07269535380960483,5,15
0.03,group,qrf,structured vs clip,n,0.07262276546454946,0.04963655090724789,0.09560898002185103,5,15
0.03,group,qrf,structured vs clip,mean,0.0624424544211931,0.04543628438711733,0.07944862445526887,5,15
0.03,group,qrf,structured vs free,cec,0.12237398305644756,0.08660956508878606,0.15813840102410906,5,15
0.03,group,qrf,structured vs free,n,0.13596254311252837,0.1010300680126333,0.17089501821242342,5,15
0.03,group,qrf,structured vs free,mean,0.12916826308448798,0.10078419196338488,0.1575523342055911,5,15
0.03,group,qrf,chained vs free,cec,0.09933960626750803,0.08221012951187552,0.11646908302314053,5,15
0.03,group,qrf,chained vs free,n,0.1248995414079344,0.09568630996448847,0.1541127728513803,5,15
0.03,group,qrf,chained vs free,mean,0.11211957383772123,0.09178321589230709,0.13245593178313536,5,15
0.03,random,qrf,structured vs chained,cec,0.011937462749864729,0.005190486866233287,0.01868443863349617,5,15
0.03,random,qrf,structured vs chained,n,0.007541977113462992,-0.01685497797618805,0.031938932203114036,5,15
0.03,random,qrf,structured vs chained,mean,0.00973971993166386,-0.003871560922460498,0.023351000785788216,5,15
0.03,random,qrf,structured_ya vs chained,cec,0.01169053101416823,0.0033171028900352475,0.02006395913830121,5,15
0.03,random,qrf,structured_ya vs chained,n,0.01833534248271213,0.0012452630305514224,0.035425421934872844,5,15
0.03,random,qrf,structured_ya vs chained,mean,0.015012936748440179,0.004688419411239661,0.025337454085640698,5,15
0.03,random,qrf,structured vs ptf_marg,cec,0.0673558087414101,0.033681716642423434,0.10102990084039677,5,15
0.03,random,qrf,structured vs ptf_marg,n,0.06020330513994253,0.053313871871340235,0.06709273840854482,5,15
0.03,random,qrf,structured vs ptf_marg,mean,0.0637795569406763,0.04613624805440372,0.08142286582694888,5,15
0.03,random,qrf,structured vs ptf,cec,0.08107284151168484,0.0339302740035494,0.1282154090198203,5,15
0.03,random,qrf,structured vs ptf,n,0.06242031054780182,0.05208064834286221,0.07275997275274142,5,15
0.03,random,qrf,structured vs ptf,mean,0.07174657602974334,0.0467523988035268,0.09674075325595988,5,15
0.03,random,qrf,structured vs clip,cec,0.03642977303355466,0.02976416470211992,0.043095381364989395,5,15
0.03,random,qrf,structured vs clip,n,0.05083621666658665,0.013406056380067387,0.08826637695310591,5,15
0.03,random,qrf,structured vs clip,mean,0.043632994850070654,0.02245899034274353,0.06480699935739778,5,15
0.03,random,qrf,structured vs free,cec,0.05969183671982049,0.04732987643392483,0.07205379700571615,5,15
0.03,random,qrf,structured vs free,n,0.07204297844760461,0.04085927031125827,0.10322668658395096,5,15
0.03,random,qrf,structured vs free,mean,0.06586740758371255,0.04626138537174543,0.08547342979567968,5,15
0.03,random,qrf,chained vs free,cec,0.04775437396995577,0.037156928983767025,0.05835181895614452,5,15
0.03,random,qrf,chained vs free,n,0.06450100133414162,0.04465264396488267,0.08434935870340057,5,15
0.03,random,qrf,chained vs free,mean,0.056127687652048695,0.045964692045353764,0.06629068325874363,5,15
0.1,group,qrf,structured vs chained,cec,0.012623525080079814,0.005306395370342998,0.01994065478981663,5,15
0.1,group,qrf,structured vs chained,n,-0.0058870370266897116,-0.018536188683611298,0.006762114630231876,5,15
0.1,group,qrf,structured vs chained,mean,0.003368244026695051,-0.00513578063230126,0.011872268685691363,5,15
0.1,group,qrf,structured_ya vs chained,cec,0.013866585838752124,0.003908146411876584,0.023825025265627665,5,15
0.1,group,qrf,structured_ya vs chained,n,0.01135300240870465,0.002781180305344926,0.01992482451206437,5,15
0.1,group,qrf,structured_ya vs chained,mean,0.012609794123728387,0.003900227023178108,0.021319361224278667,5,15
0.1,group,qrf,structured vs ptf_marg,cec,0.05642462595750408,0.020362578606400845,0.09248667330860733,5,15
0.1,group,qrf,structured vs ptf_marg,n,0.04939871801150455,0.03857375381462263,0.06022368220838647,5,15
0.1,group,qrf,structured vs ptf_marg,mean,0.05291167198450432,0.03589294846708088,0.06993039550192776,5,15
0.1,group,qrf,structured vs ptf,cec,0.06953635166879865,0.023137026806099165,0.11593567653149814,5,15
0.1,group,qrf,structured vs ptf,n,0.05009210105226484,0.03394559900929822,0.06623860309523145,5,15
0.1,group,qrf,structured vs ptf,mean,0.05981422636053174,0.03681311616359997,0.08281533655746351,5,15
0.1,group,qrf,structured vs clip,cec,0.060316082748275116,0.036743157809961645,0.08388900768658858,5,15
0.1,group,qrf,structured vs clip,n,0.06761580797312036,0.04478461563432823,0.0904470003119125,5,15
0.1,group,qrf,structured vs clip,mean,0.06396594536069775,0.041214844565952105,0.08671704615544339,5,15
0.1,group,qrf,structured vs free,cec,0.10947993561211584,0.07732660945023642,0.14163326177399527,5,15
0.1,group,qrf,structured vs free,n,0.09038067816620514,0.07076676088442771,0.10999459544798257,5,15
0.1,group,qrf,structured vs free,mean,0.09993030688916049,0.07514519826515086,0.12471541551317013,5,15
0.1,group,qrf,chained vs free,cec,0.09685641053203604,0.06960278607113807,0.12411003499293402,5,15
0.1,group,qrf,chained vs free,n,0.09626771519289486,0.07246567497874969,0.12006975540704003,5,15
0.1,group,qrf,chained vs free,mean,0.09656206286246545,0.07494748240849386,0.11817664331643704,5,15
0.1,random,qrf,structured vs chained,cec,-5.152478228386643e-05,-0.008738804330371193,0.00863575476580346,5,15
0.1,random,qrf,structured vs chained,n,-0.011410478220508254,-0.027072853631044537,0.004251897190028031,5,15
0.1,random,qrf,structured vs chained,mean,-0.00573100150139606,-0.017074137799400098,0.005612134796607976,5,15
0.1,random,qrf,structured_ya vs chained,cec,0.00032917246203979875,-0.007753491092366167,0.008411836016445764,5,15
0.1,random,qrf,structured_ya vs chained,n,0.0030924413957483868,-0.004188687202415776,0.010373569993912549,5,15
0.1,random,qrf,structured_ya vs chained,mean,0.001710806928894093,-0.003308135444811078,0.006729749302599264,5,15
0.1,random,qrf,structured vs ptf_marg,cec,0.07618885233566466,0.04103136857119363,0.1113463361001357,5,15
0.1,random,qrf,structured vs ptf_marg,n,0.06568142013207542,0.053803768454814535,0.07755907180933631,5,15
0.1,random,qrf,structured vs ptf_marg,mean,0.07093513623387004,0.052192946222406084,0.089677326245334,5,15
0.1,random,qrf,structured vs ptf,cec,0.08834772037035667,0.039502703774559944,0.1371927369661534,5,15
0.1,random,qrf,structured vs ptf,n,0.06871297828443418,0.052773719000479,0.08465223756838935,5,15
0.1,random,qrf,structured vs ptf,mean,0.07853034932739542,0.051537705282317006,0.10552299337247383,5,15
0.1,random,qrf,structured vs clip,cec,0.022132859826155954,0.0144003128486802,0.029865406803631707,5,15
0.1,random,qrf,structured vs clip,n,0.020799975638065078,-0.000843081057674628,0.04244303233380478,5,15
0.1,random,qrf,structured vs clip,mean,0.021466417732110516,0.008183379488325775,0.03474945597589526,5,15
0.1,random,qrf,structured vs free,cec,0.03315136641281668,0.01990173385989812,0.04640099896573524,5,15
0.1,random,qrf,structured vs free,n,0.031812357899901056,0.024486879797316927,0.03913783600248519,5,15
0.1,random,qrf,structured vs free,mean,0.03248186215635887,0.0236240830261115,0.04133964128660624,5,15
0.1,random,qrf,chained vs free,cec,0.033202891195100545,0.028549781229754892,0.0378560011604462,5,15
0.1,random,qrf,chained vs free,n,0.043222836120409315,0.031061732716353648,0.05538393952446498,5,15
0.1,random,qrf,chained vs free,mean,0.038212863657754934,0.03310811579323349,0.043317611522276374,5,15
0.3,group,qrf,structured vs chained,cec,-0.0009909793942752452,-0.008596788274219207,0.006614829485668716,5,15
0.3,group,qrf,structured vs chained,n,-0.018506558363503206,-0.03718320146206153,0.00017008473505511143,5,15
0.3,group,qrf,structured vs chained,mean,-0.009748768878889225,-0.020283210662669283,0.0007856729048908318,5,15
0.3,group,qrf,structured_ya vs chained,cec,-0.00033873289133585783,-0.003945759542270653,0.003268293759598937,5,15
0.3,group,qrf,structured_ya vs chained,n,0.0006962535286864008,-0.008708998494153746,0.010101505551526549,5,15
0.3,group,qrf,structured_ya vs chained,mean,0.00017876031867527126,-0.004820014062789089,0.005177534700139631,5,15
0.3,group,qrf,structured vs ptf_marg,cec,0.06983150321281933,0.03353904959800543,0.10612395682763323,5,15
0.3,group,qrf,structured vs ptf_marg,n,0.05942862736137976,0.05213391585316579,0.06672333886959372,5,15
0.3,group,qrf,structured vs ptf_marg,mean,0.06463006528709955,0.04406285310710749,0.08519727746709162,5,15
0.3,group,qrf,structured vs ptf,cec,0.07816293292765551,0.031907642558170204,0.12441822329714082,5,15
0.3,group,qrf,structured vs ptf,n,0.06113746849048988,0.04979888735166775,0.072476049629312,5,15
0.3,group,qrf,structured vs ptf,mean,0.0696502007090727,0.04233791399888342,0.09696248741926197,5,15
0.3,group,qrf,structured vs clip,cec,0.042776232413415244,0.021862547022442048,0.06368991780438844,5,15
0.3,group,qrf,structured vs clip,n,0.028005514108850542,-0.004855574122428069,0.06086660234012915,5,15
0.3,group,qrf,structured vs clip,mean,0.035390873261132896,0.009973295803778572,0.06080845071848722,5,15
0.3,group,qrf,structured vs free,cec,0.06906062953467393,0.04621242610025671,0.09190883296909115,5,15
0.3,group,qrf,structured vs free,n,0.04185242858525037,0.01915838254287628,0.06454647462762447,5,15
0.3,group,qrf,structured vs free,mean,0.05545652905996216,0.03587139887211856,0.07504165924780576,5,15
0.3,group,qrf,chained vs free,cec,0.07005160892894918,0.050732249410604044,0.08937096844729432,5,15
0.3,group,qrf,chained vs free,n,0.06035898694875358,0.04574854677034721,0.07496942712715995,5,15
0.3,group,qrf,chained vs free,mean,0.06520529793885137,0.05386380733232654,0.0765467885453762,5,15
0.3,random,qrf,structured vs chained,cec,-0.005139082880057185,-0.013240878817361412,0.0029627130572470427,5,15
0.3,random,qrf,structured vs chained,n,-0.019310559868676882,-0.03613855376432018,-0.002482565973033587,5,15
0.3,random,qrf,structured vs chained,mean,-0.012224821374367036,-0.023187507627808003,-0.0012621351209260688,5,15
0.3,random,qrf,structured_ya vs chained,cec,-0.004204638822264288,-0.011890589489331945,0.0034813118448033687,5,15
0.3,random,qrf,structured_ya vs chained,n,-0.002177223214703202,-0.011078028851634697,0.006723582422228293,5,15
0.3,random,qrf,structured_ya vs chained,mean,-0.0031909310184837446,-0.008182363194046858,0.0018005011570793685,5,15
0.3,random,qrf,structured vs ptf_marg,cec,0.0859304321807522,0.046782291729270856,0.12507857263223354,5,15
0.3,random,qrf,structured vs ptf_marg,n,0.06894065266574989,0.05682454069809569,0.08105676463340408,5,15
0.3,random,qrf,structured vs ptf_marg,mean,0.07743554242325104,0.05922336378290363,0.09564772106359845,5,15
0.3,random,qrf,structured vs ptf,cec,0.09753858695709602,0.0465433592914055,0.14853381462278653,5,15
0.3,random,qrf,structured vs ptf,n,0.072648341738213,0.056456998117729716,0.08883968535869627,5,15
0.3,random,qrf,structured vs ptf,mean,0.08509346434765451,0.05845461850319364,0.11173231019211538,5,15
0.3,random,qrf,structured vs clip,cec,0.016320497004891306,0.0038727989688114896,0.028768195040971122,5,15
0.3,random,qrf,structured vs clip,n,0.005961979745197692,-0.019369177869236098,0.03129313735963148,5,15
0.3,random,qrf,structured vs clip,mean,0.011141238375044497,-0.005960240989922594,0.028242717740011587,5,15
0.3,random,qrf,structured vs free,cec,0.015859744595319195,-0.005045719240631217,0.03676520843126961,5,15
0.3,random,qrf,structured vs free,n,0.010779730226230903,-0.004423534260501528,0.025982994712963337,5,15
0.3,random,qrf,structured vs free,mean,0.013319737410775048,0.0008663150607103477,0.02577315976083975,5,15
0.3,random,qrf,chained vs free,cec,0.020998827475376382,0.0076213376311594465,0.034376317319593314,5,15
0.3,random,qrf,chained vs free,n,0.030090290094907785,0.015597504922502678,0.044583075267312894,5,15
0.3,random,qrf,chained vs free,mean,0.02554455878514208,0.021435669031674175,0.029653448538609982,5,15
1.0,all,qrf,structured vs chained,cec,-0.01048670589144447,-0.018699156064455796,-0.002274255718433144,5,5
1.0,all,qrf,structured vs chained,n,-0.020287334821164606,-0.03709564690824893,-0.003479022734080281,5,5
1.0,all,qrf,structured vs chained,mean,-0.015387020356304537,-0.026936616582950615,-0.003837424129658462,5,5
1.0,all,qrf,structured_ya vs chained,cec,-0.006615636986961904,-0.01284628041618039,-0.0003849935577434167,5,5
1.0,all,qrf,structured_ya vs chained,n,-0.002433891158477519,-0.008794944405373772,0.003927162088418735,5,5
1.0,all,qrf,structured_ya vs chained,mean,-0.004524764072719711,-0.007503210386910639,-0.0015463177585287838,5,5
1.0,all,qrf,structured vs ptf_marg,cec,0.0910638929869823,0.0504048790860904,0.1317229068878742,5,5
1.0,all,qrf,structured vs ptf_marg,n,0.07536914052749219,0.06106392522007727,0.08967435583490711,5,5
1.0,all,qrf,structured vs ptf_marg,mean,0.08321651675723725,0.06412371574187352,0.10230931777260098,5,5
1.0,all,qrf,structured vs ptf,cec,0.10290005323950294,0.05075081825836756,0.15504928822063832,5,5
1.0,all,qrf,structured vs ptf,n,0.07904555655106985,0.06025041093929834,0.09784070216284135,5,5
1.0,all,qrf,structured vs ptf,mean,0.09097280489528639,0.06396360900039263,0.11798200079018015,5,5
1.0,all,qrf,structured vs clip,cec,0.008288996779723546,-0.0034960649719279844,0.020074058531375075,5,5
1.0,all,qrf,structured vs clip,n,-0.004154377855115699,-0.02566826809137305,0.017359512381141654,5,5
1.0,all,qrf,structured vs clip,mean,0.0020673094623039233,-0.014261948438930756,0.018396567363538605,5,5
1.0,all,qrf,structured vs free,cec,-0.0016078744883171847,-0.021177622916720297,0.01796187394008593,5,5
1.0,all,qrf,structured vs free,n,-0.003115882514980006,-0.02124512476276205,0.015013359732802035,5,5
1.0,all,qrf,structured vs free,mean,-0.0023618785016485955,-0.018120753431344883,0.013396996428047692,5,5
1.0,all,qrf,chained vs free,cec,0.008878831403127285,-0.004571246484928966,0.022328909291183537,5,5
1.0,all,qrf,chained vs free,n,0.0171714523061846,5.030537930956688e-05,0.034292599233059634,5,5
1.0,all,qrf,chained vs free,mean,0.013025141854655942,0.0010145611251435663,0.025035722584168318,5,5
