level,scheme,target,arm,skill,lo,hi,n_folds,units,stratum
0.03,group,cec,ptf,0.006202593715444175,-0.023743856081354032,0.03614904351224238,5,15,retained
0.03,group,cec,ptf_marg,0.012817453959458141,-0.02111456061328151,0.04674946853219779,5,15,retained
0.03,group,cec,qrf:chained,0.06535309946068918,0.01703240573568649,0.11367379318569187,5,15,retained
0.03,group,cec,qrf:clip,0.039855170908426704,0.0025001737545887123,0.07721016806226469,5,15,retained
0.03,group,cec,qrf:free,0.0,0.0,0.0,5,15,retained
0.03,group,cec,qrf:oracle_ya,0.5141169562645496,0.4780817049051165,0.5501522076239826,5,15,retained
0.03,group,cec,qrf:structured,0.07815583374840332,0.020611975251203618,0.13569969224560302,5,15,retained
0.03,group,cec,qrf:structured_og,0.07751203235419686,0.0141880011991483,0.14083606350924543,5,15,retained
0.03,group,cec,qrf:structured_ya,0.07571876518914114,0.02138967734088118,0.1300478530374011,5,15,retained
0.03,group,n,ptf,-0.008374681110681244,-0.11228476434657192,0.09553540212520945,5,15,retained
0.03,group,n,ptf_marg,-0.012072646567274973,-0.11533092344151226,0.09118563030696232,5,15,retained
0.03,group,n,qrf:chained,0.07889077465056461,0.051098567201814424,0.1066829820993148,5,15,retained
0.03,group,n,qrf:clip,0.0218132538966173,-0.0032222554170739555,0.04684876321030855,5,15,retained
0.03,group,n,qrf:free,0.0,0.0,0.0,5,15,retained
0.03,group,n,qrf:oracle_ya,0.5202971485235421,0.4406657131058067,0.5999285839412776,5,15,retained
0.03,group,n,qrf:structured,0.07586955820055544,-0.010623515183572449,0.16236263158468334,5,15,retained
0.03,group,n,qrf:structured_og,,,,0,0,retained
0.03,group,n,qrf:structured_ya,0.10206630598794794,0.030506064397776575,0.1736265475781193,5,15,retained
0.1,group,cec,ptf,-0.02984567146429477,-0.12736649077031853,0.067675147841729,5,15,retained
0.1,group,cec,ptf_marg,-0.02040310538497795,-0.11049307559638066,0.06968686482642475,5,15,retained
0.1,group,cec,qrf:chained,0.039129716804115006,0.01292672798118643,0.06533270562704357,5,15,retained
0.1,group,cec,qrf:clip,0.020986013822376155,-0.014830251188269746,0.05680227883302205,5,15,retained
0.1,group,cec,qrf:free,0.0,0.0,0.0,5,15,retained
0.1,group,cec,qrf:oracle_ya,0.5012530298228421,0.41528696550421973,0.5872190941414646,5,15,retained
0.1,group,cec,qrf:structured,0.03488201383833424,-0.006865253251154668,0.07662928092782315,5,15,retained
0.1,group,cec,qrf:structured_og,0.03328445796170611,-0.009827682591216177,0.07639659851462839,5,15,retained
0.1,group,cec,qrf:structured_ya,0.03679549670510559,-0.005340413019288316,0.0789314064294995,5,15,retained
0.1,group,n,ptf,-0.030508633021316463,-0.07566210356432282,0.014644837521689887,5,15,retained
0.1,group,n,ptf_marg,-0.025094095528735365,-0.05978058696299909,0.009592395905528357,5,15,retained
0.1,group,n,qrf:chained,0.05297779937814755,0.024060056391142462,0.08189554236515263,5,15,retained
0.1,group,n,qrf:clip,0.009818479208608566,-0.0009736049839322129,0.020610563401149345,5,15,retained
0.1,group,n,qrf:free,0.0,0.0,0.0,5,15,retained
0.1,group,n,qrf:oracle_ya,0.45135309726545164,0.33455970390156065,0.5681464906293426,5,15,retained
0.1,group,n,qrf:structured,0.0422297067115167,-0.014403451240524008,0.0988628646635574,5,15,retained
0.1,group,n,qrf:structured_og,,,,0,0,retained
0.1,group,n,qrf:structured_ya,0.056985940056813,0.00048514558199955204,0.11348673453162644,5,15,retained
0.3,group,cec,ptf,-0.09154617694443244,-0.1722428302684642,-0.010849523620400661,5,15,retained
0.3,group,cec,ptf_marg,-0.08654904941112637,-0.16652863288071817,-0.006569465941534555,5,15,retained
0.3,group,cec,qrf:chained,0.01906486378091056,0.0035470225221039264,0.03458270503971719,5,15,retained
0.3,group,cec,qrf:clip,3.0436858583238192e-05,-0.01813882090993253,0.018199694627099004,5,15,retained
0.3,group,cec,qrf:free,0.0,0.0,0.0,5,15,retained
0.3,group,cec,qrf:oracle_ya,0.518057615125538,0.4787019341645172,0.5574132960865589,5,15,retained
0.3,group,cec,qrf:structured,0.011780043619387412,-0.013951202076201851,0.03751128931497667,5,15,retained
0.3,group,cec,qrf:structured_og,0.01216541193096506,-0.012991892554109194,0.03732271641603931,5,15,retained
0.3,group,cec,qrf:structured_ya,0.013309344838920115,-0.007833871392710554,0.03445256107055078,5,15,retained
0.3,group,n,ptf,-0.05299172883114489,-0.09212653161859367,-0.013856926043696108,5,15,retained
0.3,group,n,ptf_marg,-0.05283446340675733,-0.09060298988241103,-0.015065936931103627,5,15,retained
0.3,group,n,qrf:chained,0.028091660125614797,0.010302036062204957,0.04588128418902464,5,15,retained
0.3,group,n,qrf:clip,4.788629468510663e-07,-0.017900232134540655,0.017901189860434357,5,15,retained
0.3,group,n,qrf:free,0.0,0.0,0.0,5,15,retained
0.3,group,n,qrf:oracle_ya,0.4610759387602297,0.42661533019442244,0.4955365473260369,5,15,retained
0.3,group,n,qrf:structured,0.011749059482904662,-0.02105308185032507,0.04455120081613439,5,15,retained
0.3,group,n,qrf:structured_og,,,,0,0,retained
0.3,group,n,qrf:structured_ya,0.028112342336636904,-0.0004984018248178901,0.0567230864980917,5,15,retained
0.03,group,cec,ptf,0.07885115642069365,0.0008469024569046635,0.15685541038448264,5,15,thinned
0.03,group,cec,ptf_marg,0.09307656724740405,0.02547999511395317,0.16067313938085492,5,15,thinned
0.03,group,cec,qrf:chained,0.10053511702536189,0.08344630088409416,0.11762393316662961,5,15,thinned
0.03,group,cec,qrf:clip,0.07130247565413526,0.049500906508649606,0.09310404479962092,5,15,thinned
0.03,group,cec,qrf:free,0.0,0.0,0.0,5,15,thinned
0.03,group,cec,qrf:oracle_ya,0.46250792734940305,0.3833485074919647,0.5416673472068414,5,15,thinned
0.03,group,cec,qrf:structured,0.12406005824781038,0.0880964813401454,0.16002363515547535,5,15,thinned
0.03,group,cec,qrf:structured_og,0.1157837198207293,0.07935439004154059,0.152213049599918,5,15,thinned
0.03,group,cec,qrf:structured_ya,0.12506846538535848,0.09195837083141051,0.15817855993930646,5,15,thinned
0.03,group,n,ptf,0.1169826254852269,0.09825694033233028,0.1357083106381235,5,15,thinned
0.03,group,n,ptf_marg,0.11968090286138992,0.10100853060295611,0.13835327511982373,5,15,thinned
0.03,group,n,qrf:chained,0.12786156989065883,0.09886693050326412,0.15685620927805355,5,15,thinned
0.03,group,n,qrf:clip,0.06502030626056333,0.037122677873962694,0.09291793464716397,5,15,thinned
0.03,group,n,qrf:free,0.0,0.0,0.0,5,15,thinned
0.03,group,n,qrf:oracle_ya,0.4315118174888375,0.3491581254973204,0.5138655094803546,5,15,thinned
0.03,group,n,qrf:structured,0.13938862392990317,0.10541727209395398,0.17335997576585238,5,15,thinned
0.03,group,n,qrf:structured_og,,,,0,0,thinned
0.03,group,n,qrf:structured_ya,0.15741792714418848,0.1329931378203127,0.18184271646806427,5,15,thinned
0.1,group,cec,ptf,0.049698482867861535,-0.007473442580988712,0.10687040831671178,5,15,thinned
0.1,group,cec,ptf_marg,0.06274828477700699,0.013958077851788223,0.11153849170222575,5,15,thinned
0.1,group,cec,qrf:chained,0.10500474268717559,0.07514140473420594,0.13486808064014524,5,15,thinned
0.1,group,cec,qrf:clip,0.05380106252091328,0.03489645420266272,0.07270567083916385,5,15,thinned
0.1,group,cec,qrf:free,0.0,0.0,0.0,5,15,thinned
0.1,group,cec,qrf:oracle_ya,0.5254115042780342,0.48082306199264774,0.5699999465634207,5,15,thinned
0.1,group,cec,qrf:structured,0.11975552362680097,0.08620616547329674,0.1533048817803052,5,15,thinned
0.1,group,cec,qrf:structured_og,0.11449271354227433,0.07477405559866708,0.1542113714858816,5,15,thinned
0.1,group,cec,qrf:structured_ya,0.12106572588841782,0.08409975793793456,0.1580316938389011,5,15,thinned
0.1,group,n,ptf,0.04988483860035734,0.0260631642254274,0.07370651297528728,5,15,thinned
0.1,group,n,ptf_marg,0.049469927688224835,0.03062803701827074,0.06831181835817893,5,15,thinned
0.1,group,n,qrf:chained,0.10239886621217517,0.0781718422943528,0.12662589012999753,5,15,thinned
0.1,group,n,qrf:clip,0.024213850375870614,0.00863933993832276,0.039788360813418466,5,15,thinned
0.1,group,n,qrf:free,0.0,0.0,0.0,5,15,thinned
0.1,group,n,qrf:oracle_ya,0.4638988287091804,0.39915606294428446,0.5286415944740764,5,15,thinned
0.1,group,n,qrf:structured,0.09737911975973527,0.07908571322052373,0.11567252629894682,5,15,thinned
0.1,group,n,qrf:structured_og,,,,0,0,thinned
0.1,group,n,qrf:structured_ya,0.11499758966046683,0.09147220615606694,0.13852297316486673,5,15,thinned
0.3,group,cec,ptf,0.028786812258411076,-0.019170710391143406,0.07674433490796556,5,15,thinned
0.3,group,cec,ptf_marg,0.036348696951089374,-0.002603539221782983,0.07530093312396173,5,15,thinned
0.3,group,cec,qrf:chained,0.09254159104504599,0.06662690891949319,0.11845627317059879,5,15,thinned
0.3,group,cec,qrf:clip,0.03850618259534116,0.02744891746258677,0.049563447728095546,5,15,thinned
0.3,group,cec,qrf:free,0.0,0.0,0.0,5,15,thinned
0.3,group,cec,qrf:oracle_ya,0.5474369495007263,0.521084243580025,0.5737896554214276,5,15,thinned
0.3,group,cec,qrf:structured,0.09566191313094605,0.07230252638526746,0.11902129987662463,5,15,thinned
0.3,group,cec,qrf:structured_og,0.09438776459530368,0.07063533447124729,0.11814019471936008,5,15,thinned
0.3,group,cec,qrf:structured_ya,0.09553121140612265,0.0722660347212921,0.1187963880909532,5,15,thinned
0.3,group,n,ptf,-0.002776850133817195,-0.02199753519223022,0.01644383492459583,5,15,thinned
0.3,group,n,ptf_marg,-0.00048243319532449843,-0.022457293584214343,0.02149242719356535,5,15,thinned
0.3,group,n,qrf:chained,0.07449781900788552,0.06040515054388594,0.0885904874718851,5,15,thinned
0.3,group,n,qrf:clip,0.018923653963574424,-0.0011056187136092403,0.038952926640758084,5,15,thinned
0.3,group,n,qrf:free,0.0,0.0,0.0,5,15,thinned
0.3,group,n,qrf:oracle_ya,0.4669230007493475,0.40075179286825285,0.5330942086304422,5,15,thinned
0.3,group,n,qrf:structured,0.056460684985952116,0.03459271140526912,0.07832865856663511,5,15,thinned
0.3,group,n,qrf:structured_og,,,,0,0,thinned
0.3,group,n,qrf:structured_ya,0.07679924001010101,0.06189272679860365,0.09170575322159837,5,15,thinned
0.03,random,cec,ptf,0.02130829877070593,-0.09472962070460841,0.13734621824602028,5,15,retained
0.03,random,cec,ptf_marg,0.031482004055118966,-0.07968262957925523,0.14264663768949315,5,15,retained
0.03,random,cec,qrf:chained,0.07353911822755174,0.029790606898694255,0.11728762955640923,5,15,retained
0.03,random,cec,qrf:clip,0.03996290867948341,-0.005344149982895292,0.08526996734186212,5,15,retained
0.03,random,cec,qrf:free,0.0,0.0,0.0,5,15,retained
0.03,random,cec,qrf:oracle_ya,0.49656054553897383,0.4350948950963945,0.5580261959815531,5,15,retained
0.03,random,cec,qrf:structured,0.0868434489843955,0.02232559660494096,0.15136130136385004,5,15,retained
0.03,random,cec,qrf:structured_og,0.08386118717021109,0.014693529884799994,0.15302884445562218,5,15,retained
0.03,random,cec,qrf:structured_ya,0.08449790064260825,0.017959439095610402,0.1510363621896061,5,15,retained
0.03,random,n,ptf,0.008943783037028885,-0.14979682806114988,0.16768439413520767,5,15,retained
0.03,random,n,ptf_marg,0.0012788199634990506,-0.15243083056978296,0.15498847049678105,5,15,retained
0.03,random,n,qrf:chained,0.07161741669733081,-0.0065313268299104915,0.14976616022457212,5,15,retained
0.03,random,n,qrf:clip,0.02080711955810633,-0.023782673378476157,0.06539691249468882,5,15,retained
0.03,random,n,qrf:free,0.0,0.0,0.0,5,15,retained
0.03,random,n,qrf:oracle_ya,0.5403737697233915,0.3809116405726919,0.699835898874091,5,15,retained
0.03,random,n,qrf:structured,0.06874696925806481,-0.041581870282693015,0.17907580879882262,5,15,retained
0.03,random,n,qrf:structured_og,,,,0,0,retained
0.03,random,n,qrf:structured_ya,0.10358152750486833,0.006846647025837441,0.20031640798389921,5,15,retained
0.1,random,cec,ptf,0.010904063449491783,-0.08223132328286478,0.10403945018184835,5,15,retained
0.1,random,cec,ptf_marg,0.012785943829009194,-0.08312899477045971,0.10870088242847809,5,15,retained
0.1,random,cec,qrf:chained,0.04952027072576538,0.005487114305440917,0.09355342714608986,5,15,retained
0.1,random,cec,qrf:clip,0.028254192069504393,-0.02022037525248225,0.07672875939149104,5,15,retained
0.1,random,cec,qrf:free,0.0,0.0,0.0,5,15,retained
0.1,random,cec,qrf:oracle_ya,0.5108726010704933,0.41188473992735675,0.6098604622136298,5,15,retained
0.1,random,cec,qrf:structured,0.05766694150996582,0.006891895666943662,0.10844198735298798,5,15,retained
0.1,random,cec,qrf:structured_og,0.05806689321920835,0.005218453817814515,0.11091533262060219,5,15,retained
0.1,random,cec,qrf:structured_ya,0.05947556419511233,0.0012259747029401274,0.11772515368728453,5,15,retained
0.1,random,n,ptf,-0.01997577801931088,-0.04978482858017706,0.009833272541555301,5,15,retained
0.1,random,n,ptf_marg,-0.015661889997588087,-0.035770420717761195,0.004446640722585021,5,15,retained
0.1,random,n,qrf:chained,0.054941909669678456,0.02750435253185728,0.08237946680749964,5,15,retained
0.1,random,n,qrf:clip,0.007241302209730486,-0.013378447097745423,0.027861051517206394,5,15,retained
0.1,random,n,qrf:free,0.0,0.0,0.0,5,15,retained
0.1,random,n,qrf:oracle_ya,0.45342413282636984,0.32040473622158017,0.5864435294311595,5,15,retained
0.1,random,n,qrf:structured,0.04863218629544022,0.011041310892614564,0.08622306169826588,5,15,retained
0.1,random,n,qrf:structured_og,,,,0,0,retained
0.1,random,n,qrf:structured_ya,0.06190297104057846,0.020219934651303832,0.10358600742985308,5,15,retained
0.3,random,cec,ptf,-0.08468985805211586,-0.16775715675627317,-0.0016225593479585465,5,15,retained
0.3,random,cec,ptf_marg,-0.07690165102977366,-0.16166015595258632,0.007856853893038987,5,15,retained
0.3,random,cec,qrf:chained,0.024868081608693936,0.0059705573862471745,0.0437656058311407,5,15,retained
0.3,random,cec,qrf:clip,0.0010845012652811903,-0.018164989799564647,0.02033399233012703,5,15,retained
0.3,random,cec,qrf:free,0.0,0.0,0.0,5,15,retained
0.3,random,cec,qrf:oracle_ya,0.5233932829678516,0.47108616208581583,0.5757004038498874,5,15,retained
0.3,random,cec,qrf:structured,0.025716045120929183,0.0037519043526857664,0.0476801858891726,5,15,retained
0.3,random,cec,qrf:structured_og,0.025908529975175853,0.00459584502967322,0.04722121492067849,5,15,retained
0.3,random,cec,qrf:structured_ya,0.025930427547407996,0.0019662846523448123,0.049894570442471184,5,15,retained
0.3,random,n,ptf,-0.06059114577857612,-0.08015792822650898,-0.04102436333064326,5,15,retained
0.3,random,n,ptf_marg,-0.061377539140378724,-0.07553964963492565,-0.04721542864583179,5,15,retained
0.3,random,n,qrf:chained,0.027319895636570484,0.008113230981324125,0.04652656029181684,5,15,retained
0.3,random,n,qrf:clip,-0.002005990375277104,-0.016299366956293825,0.012287386205739617,5,15,retained
0.3,random,n,qrf:free,0.0,0.0,0.0,5,15,retained
0.3,random,n,qrf:oracle_ya,0.4682151477669608,0.43060442149541267,0.505825874038509,5,15,retained
0.3,random,n,qrf:structured,0.010947895168543716,-0.015218239833202484,0.03711403017028991,5,15,retained
0.3,random,n,qrf:structured_og,,,,0,0,retained
0.3,random,n,qrf:structured_ya,0.027862768342760157,0.0014352418958608684,0.054290294789659445,5,15,retained
0.03,random,cec,ptf,-0.023301774816437887,-0.08523147551047831,0.03862792587760254,5,15,thinned
0.03,random,cec,ptf_marg,-0.009506966122953184,-0.05899393989668368,0.03998000765077732,5,15,thinned
0.03,random,cec,qrf:chained,0.04666331543829309,0.034573504211629816,0.05875312666495637,5,15,thinned
0.03,random,cec,qrf:clip,0.022540668855418305,0.009933249456091022,0.03514808825474559,5,15,thinned
0.03,random,cec,qrf:free,0.0,0.0,0.0,5,15,thinned
0.03,random,cec,qrf:oracle_ya,0.5174564047569046,0.4675599323880202,0.567352877125789,5,15,thinned
0.03,random,cec,qrf:structured,0.05861958366246336,0.04506040332318847,0.07217876400173825,5,15,thinned
0.03,random,cec,qrf:structured_og,0.05577981437671755,0.04330268416440035,0.06825694458903475,5,15,thinned
0.03,random,cec,qrf:structured_ya,0.05820389945429523,0.044260279071880765,0.0721475198367097,5,15,thinned
0.03,random,n,ptf,0.00789076039073664,-0.026109354227574544,0.041890875009047826,5,15,thinned
0.03,random,n,ptf_marg,0.010303617143194551,-0.020739442262219375,0.04134667654860848,5,15,thinned
0.03,random,n,qrf:chained,0.06365653525153489,0.04542185988697024,0.08189121061609954,5,15,thinned
0.03,random,n,qrf:clip,0.020857647524656842,0.000508841044049687,0.041206454005264,5,15,thinned
0.03,random,n,qrf:free,0.0,0.0,0.0,5,15,thinned
0.03,random,n,qrf:oracle_ya,0.46872214965726916,0.38852685989749336,0.548917439417045,5,15,thinned
0.03,random,n,qrf:structured,0.07028583317127547,0.04041893628789543,0.10015273005465551,5,15,thinned
0.03,random,n,qrf:structured_og,,,,0,0,thinned
0.03,random,n,qrf:structured_ya,0.08066585944369123,0.05320627631571609,0.10812544257166637,5,15,thinned
0.1,random,cec,ptf,-0.06070618871710477,-0.13221466390620346,0.010802286471993924,5,15,thinned
0.1,random,cec,ptf_marg,-0.048005892783595835,-0.10242431906938348,0.006412533502191821,5,15,thinned
0.1,random,cec,qrf:chained,0.03305301177761705,0.02362437800696989,0.0424816455482642,5,15,thinned
0.1,random,cec,qrf:clip,0.010157696134490572,0.001427033628169561,0.018888358640811585,5,15,thinned
0.1,random,cec,qrf:free,0.0,0.0,0.0,5,15,thinned
0.1,random,cec,qrf:oracle_ya,0.5348040926954626,0.49230310530814303,0.5773050800827821,5,15,thinned
0.1,random,cec,qrf:structured,0.032009673886937026,0.015839165865053583,0.048180181908820466,5,15,thinned
0.1,random,cec,qrf:structured_og,0.03106591663266791,0.014770490472820606,0.047361342792515214,5,15,thinned
0.1,random,cec,qrf:structured_ya,0.03257687087685833,0.016160457934607134,0.04899328381910953,5,15,thinned
0.1,random,n,ptf,-0.03851335221557973,-0.05668964942063805,-0.02033705501052141,5,15,thinned
0.1,random,n,ptf_marg,-0.0358386877499626,-0.04615425932300441,-0.02552311617692079,5,15,thinned
0.1,random,n,qrf:chained,0.042225644546402256,0.029599719773990507,0.054851569318814006,5,15,thinned
0.1,random,n,qrf:clip,0.010948038621494464,-0.008187141383953093,0.03008321862694202,5,15,thinned
0.1,random,n,qrf:free,0.0,0.0,0.0,5,15,thinned
0.1,random,n,qrf:oracle_ya,0.47351288881329917,0.4301580112773247,0.5168677663492736,5,15,thinned
0.1,random,n,qrf:structured,0.030634229879102005,0.020442341532537548,0.040826118225666466,5,15,thinned
0.1,random,n,qrf:structured_og,,,,0,0,thinned
0.1,random,n,qrf:structured_ya,0.04531806862790798,0.03634499460280297,0.054291142653012985,5,15,thinned
0.3,random,cec,ptf,-0.07611701543286752,-0.1328882296283168,-0.019345801237418227,5,15,thinned
0.3,random,cec,ptf_marg,-0.06567006960486968,-0.11730653855096118,-0.014033600658778185,5,15,thinned
0.3,random,cec,qrf:chained,0.01906289785710659,0.0057299969972284,0.03239579871698478,5,15,thinned
0.3,random,cec,qrf:clip,-0.0005547802661224711,-0.011114454465769214,0.010004893933524273,5,15,thinned
0.3,random,cec,qrf:free,0.0,0.0,0.0,5,15,thinned
0.3,random,cec,qrf:oracle_ya,0.5464228480905493,0.4928612000160584,0.5999844961650402,5,15,thinned
0.3,random,cec,qrf:structured,0.012183731847926352,-0.006264478612410267,0.030631942308262973,5,15,thinned
0.3,random,cec,qrf:structured_og,0.011568520566104513,-0.0060115675674237805,0.029148608699632806,5,15,thinned
0.3,random,cec,qrf:structured_ya,0.01333330105770802,-0.004392006129255057,0.031058608244671097,5,15,thinned
0.3,random,n,ptf,-0.06518154786000456,-0.08083543859972375,-0.04952765712028537,5,15,thinned
0.3,random,n,ptf_marg,-0.061086413673029784,-0.07610776919850974,-0.046065058147549826,5,15,thinned
0.3,random,n,qrf:chained,0.02952514247909927,0.015551462686197767,0.043498822272000776,5,15,thinned
0.3,random,n,qrf:clip,0.006140617854011379,-0.006287926931167291,0.01856916263919005,5,15,thinned
0.3,random,n,qrf:free,0.0,0.0,0.0,5,15,thinned
0.3,random,n,qrf:oracle_ya,0.47774050623423864,0.4338826575169187,0.5215983549515586,5,15,thinned
0.3,random,n,qrf:structured,0.009218732341982878,-0.005677518752182122,0.024114983436147878,5,15,thinned
0.3,random,n,qrf:structured_og,,,,0,0,thinned
0.3,random,n,qrf:structured_ya,0.025938945691859217,0.008846992471531426,0.043030898912187004,5,15,thinned
