level,scheme,target,ptf,ptf_marg,qrf:chained,qrf:clip,qrf:free,qrf:oracle_ya,qrf:structured,qrf:structured_og,qrf:structured_ya
0.03,group,cec,0.8007493365249518,0.8887790324539037,0.8983018507918337,0.8669927668210439,0.8782675062011066,0.8576780975178228,0.9098541222181749,0.9008169849612322,0.9056044127595358
0.03,group,n,0.8874625022057526,0.9328568907711311,0.8929768837127228,0.8479795306158461,0.8535821422269279,0.834877360155285,0.9339156520204693,,0.9279601199929416
0.03,random,cec,0.814140257757888,0.9061941683578776,0.9077726318710864,0.8617890409533225,0.8879290905621758,0.8815111619919863,0.907755286118194,0.9073389880487762,0.9115713517545229
0.03,random,n,0.889977060172931,0.9449444150344097,0.9095641432856891,0.8670372331039351,0.8895800247044292,0.8985353802717487,0.9431356979001235,,0.9357684842068114
0.1,group,cec,0.8120587674107995,0.9021872994397322,0.8949541204835996,0.8597769336178037,0.8787878787878788,0.8786664585176319,0.9088480685504154,0.9061074395934156,0.909004180326447
0.1,group,n,0.8889624139756485,0.9421651667548968,0.89977060172931,0.8453326274925005,0.8680959943532733,0.879257102523381,0.9431798129521792,,0.9288424210340568
0.1,random,cec,0.8146259388388754,0.9040432949992194,0.9056737957711054,0.8587708799500442,0.886090440755581,0.8760992870895561,0.9044942845744219,0.9032800818719536,0.9090562175851243
0.1,random,n,0.8898447150167638,0.9439297688371272,0.9105787894829716,0.8696841362272808,0.893859184753838,0.893859184753838,0.9429592376919005,,0.9280924651491089
0.3,group,cec,0.8143137152868121,0.8954398015645869,0.9018403843818841,0.8598636623822657,0.8828467849647014,0.8706527206813411,0.9030892785901372,0.9018924216405613,0.9078593606355484
0.3,group,n,0.8875507323098641,0.9426063172754544,0.9066525498500089,0.8542438680077642,0.8745809070054703,0.8865360861125816,0.941371095817893,,0.9285336156696665
0.3,random,cec,0.8142443322752424,0.9014414320653588,0.903679034188479,0.8576780975178228,0.8867669251183847,0.8786838042705244,0.9023954484744411,0.901580198088498,0.9069573814851434
0.3,random,n,0.8903740956414329,0.9437091935768485,0.9089024175048527,0.8691547556026116,0.8950944062113994,0.9006529027704253,0.9411505205576143,,0.927695429680607
1.0,all,cec,0.8140708747463183,0.9023260654628714,0.9018577301347765,0.8576260602591456,0.8853098818754228,0.8823957953894989,0.9023260654628714,0.902482177238903,0.909299058125618
1.0,all,n,0.8900211752249868,0.9444150344097406,0.9118581259925886,0.8642138697723664,0.8904182106934886,0.9002117522498676,0.942297511911064,,0.9245632609846479
