level,scheme,learner,contrast,target,diff,lo,hi,n_folds,units,score
0.03,group,qrf,structured vs chained,joint,0.020594574160537307,0.013112535294834525,0.028076613026240087,5,15,es
0.03,group,qrf,structured_ya vs chained,joint,0.02382264095633592,0.018228209546741845,0.029417072365929994,5,15,es
0.03,group,qrf,structured vs ptf_marg,joint,0.015989363300424404,0.0003740926840354302,0.031604633916813375,5,15,es
0.03,group,qrf,structured vs ptf,joint,0.02021491297580744,-3.8411307848255916e-05,0.040468237259463136,5,15,es
0.03,group,qrf,structured vs clip,joint,0.042264038878026676,0.029933671342390646,0.054594406413662706,5,15,es
0.03,group,qrf,structured vs free,joint,0.09411823003302844,0.07852319518139472,0.10971326488466215,5,15,es
0.03,group,qrf,chained vs free,joint,0.07352365587249111,0.05920845324089645,0.08783885850408578,5,15,es
0.03,random,qrf,structured vs chained,joint,0.00924985144760427,0.002543594617531589,0.01595610827767695,5,15,es
0.03,random,qrf,structured_ya vs chained,joint,0.01083889324848079,0.006960983335522224,0.014716803161439355,5,15,es
0.03,random,qrf,structured vs ptf_marg,joint,0.036477906798829285,0.02795844243933131,0.04499737115832726,5,15,es
0.03,random,qrf,structured vs ptf,joint,0.04000119049004297,0.02873465358151439,0.05126772739857155,5,15,es
0.03,random,qrf,structured vs clip,joint,0.030287591052668893,0.020597670590853004,0.03997751151448478,5,15,es
0.03,random,qrf,structured vs free,joint,0.05352114320057375,0.04374363225279062,0.06329865414835689,5,15,es
0.03,random,qrf,chained vs free,joint,0.044271291752969476,0.039028482247747354,0.0495141012581916,5,15,es
0.1,group,qrf,structured vs chained,joint,0.005506118291905675,0.0005565735750104649,0.010455663008800884,5,15,es
0.1,group,qrf,structured_ya vs chained,joint,0.008741912964508134,0.004235613235998341,0.013248212693017927,5,15,es
0.1,group,qrf,structured vs ptf_marg,joint,0.028471328899412056,0.024150405059311812,0.0327922527395123,5,15,es
0.1,group,qrf,structured vs ptf,joint,0.03210706109857929,0.024816986251435302,0.03939713594572328,5,15,es
0.1,group,qrf,structured vs clip,joint,0.041016448831852265,0.03106871233201771,0.05096418533168682,5,15,es
0.1,group,qrf,structured vs free,joint,0.0725808501051258,0.058559722400814765,0.08660197780943683,5,15,es
0.1,group,qrf,chained vs free,joint,0.06707473181322013,0.05519996784804116,0.0789494957783991,5,15,es
0.1,random,qrf,structured vs chained,joint,0.0022938460146076185,-0.003118091765293717,0.007705783794508954,5,15,es
0.1,random,qrf,structured_ya vs chained,joint,0.004072031890067714,0.0008505896854409806,0.007293474094694448,5,15,es
0.1,random,qrf,structured vs ptf_marg,joint,0.04097384437773324,0.03039547258414447,0.05155221617132202,5,15,es
0.1,random,qrf,structured vs ptf,joint,0.04469116346247748,0.032999694732976065,0.05638263219197889,5,15,es
0.1,random,qrf,structured vs clip,joint,0.023896435022058984,0.018134544748047474,0.029658325296070494,5,15,es
0.1,random,qrf,structured vs free,joint,0.03993199482517677,0.03730113231094371,0.042562857339409836,5,15,es
0.1,random,qrf,chained vs free,joint,0.03763814881056916,0.03314506186571499,0.042131235755423324,5,15,es
0.3,group,qrf,structured vs chained,joint,-0.0005268294623013887,-0.0044886188872562014,0.0034349599626534244,5,15,es
0.3,group,qrf,structured_ya vs chained,joint,0.003028786844005286,0.0003884043513248973,0.005669169336685675,5,15,es
0.3,group,qrf,structured vs ptf_marg,joint,0.0357094164213425,0.025762435266305013,0.045656397576379994,5,15,es
0.3,group,qrf,structured vs ptf,joint,0.038537902477493835,0.02993133447316023,0.04714447048182744,5,15,es
0.3,group,qrf,structured vs clip,joint,0.02837755570496161,0.015960926918606705,0.04079418449131651,5,15,es
0.3,group,qrf,structured vs free,joint,0.051356350981838196,0.04252996443000061,0.060182737533675784,5,15,es
0.3,group,qrf,chained vs free,joint,0.05188318044413959,0.04554228621134503,0.05822407467693414,5,15,es
0.3,random,qrf,structured vs chained,joint,-0.0016860621466673036,-0.00723739123301389,0.0038652669396792823,5,15,es
0.3,random,qrf,structured_ya vs chained,joint,0.001146698532267032,-0.0013576516488862877,0.0036510487134203515,5,15,es
0.3,random,qrf,structured vs ptf_marg,joint,0.044278131856122074,0.03267709330840765,0.0558791704038365,5,15,es
0.3,random,qrf,structured vs ptf,joint,0.04776201257593406,0.035094719069075575,0.06042930608279254,5,15,es
0.3,random,qrf,structured vs clip,joint,0.01939611657991312,0.012585376484061148,0.02620685667576509,5,15,es
0.3,random,qrf,structured vs free,joint,0.031204749750297557,0.025976324297512083,0.03643317520308303,5,15,es
0.3,random,qrf,chained vs free,joint,0.03289081189696487,0.03065405855743878,0.03512756523649096,5,15,es
1.0,all,qrf,structured vs chained,joint,-0.0037806603547543725,-0.009185259296291791,0.001623938586783045,5,5,es
1.0,all,qrf,structured_ya vs chained,joint,-0.0006674782956175518,-0.002494899736909159,0.0011599431456740558,5,5,es
1.0,all,qrf,structured vs ptf_marg,joint,0.04800741565669777,0.03611853357630268,0.05989629773709286,5,5,es
1.0,all,qrf,structured vs ptf,joint,0.051565109442065674,0.038640351987845024,0.06448986689628632,5,5,es
1.0,all,qrf,structured vs clip,joint,0.014803407825761195,0.007530864002906435,0.022075951648615956,5,5,es
1.0,all,qrf,structured vs free,joint,0.02301111830019207,0.0178496332996491,0.02817260330073504,5,5,es
1.0,all,qrf,chained vs free,joint,0.02679177865494644,0.02363852805441162,0.02994502925548126,5,5,es
0.03,group,qrf,structured vs chained,joint,0.049433157566221186,0.0376343367083301,0.06123197842411227,5,15,vs
0.03,group,qrf,structured_ya vs chained,joint,0.055502246985893997,0.041831406436556466,0.06917308753523152,5,15,vs
0.03,group,qrf,structured vs ptf_marg,joint,0.013345902339261126,-0.008230996356665281,0.03492280103518754,5,15,vs
0.03,group,qrf,structured vs ptf,joint,0.040369026305052666,0.0054171131782251025,0.07532093943188023,5,15,vs
0.03,group,qrf,structured vs clip,joint,0.10323233295775433,0.08640469362352782,0.12005997229198084,5,15,vs
0.03,group,qrf,structured vs free,joint,0.2374308760530018,0.2186109473973284,0.25625080470867523,5,15,vs
0.03,group,qrf,chained vs free,joint,0.18799771848678062,0.17270071822420308,0.20329471874935817,5,15,vs
0.03,random,qrf,structured vs chained,joint,0.03826946790378868,0.02637151368417908,0.050167422123398274,5,15,vs
0.03,random,qrf,structured_ya vs chained,joint,0.041805073572493696,0.0288757774700079,0.054734369674979494,5,15,vs
0.03,random,qrf,structured vs ptf_marg,joint,0.04342196207156313,0.029857081207634514,0.05698684293549175,5,15,vs
0.03,random,qrf,structured vs ptf,joint,0.07890363657229425,0.061789824380514835,0.09601744876407367,5,15,vs
0.03,random,qrf,structured vs clip,joint,0.10815065331597869,0.09034828640080322,0.12595302023115415,5,15,vs
0.03,random,qrf,structured vs free,joint,0.20916352661593898,0.18773331753231853,0.23059373569955943,5,15,vs
0.03,random,qrf,chained vs free,joint,0.1708940587121503,0.15776401575871016,0.18402410166559044,5,15,vs
0.1,group,qrf,structured vs chained,joint,0.01600540163697498,0.010643965685860488,0.02136683758808947,5,15,vs
0.1,group,qrf,structured_ya vs chained,joint,0.0240566602338289,0.017859300180616315,0.030254020287041487,5,15,vs
0.1,group,qrf,structured vs ptf_marg,joint,0.035561719987527725,0.03211301487616383,0.03901042509889162,5,15,vs
0.1,group,qrf,structured vs ptf,joint,0.06897824382647164,0.05206812089317664,0.08588836675976663,5,15,vs
0.1,group,qrf,structured vs clip,joint,0.10536903629724599,0.09138698781407004,0.11935108478042195,5,15,vs
0.1,group,qrf,structured vs free,joint,0.21419328947519084,0.18537371343191694,0.24301286551846474,5,15,vs
0.1,group,qrf,chained vs free,joint,0.19818788783821584,0.17163742539827045,0.22473835027816122,5,15,vs
0.1,random,qrf,structured vs chained,joint,0.015982673574963496,0.011646284494848749,0.020319062655078244,5,15,vs
0.1,random,qrf,structured_ya vs chained,joint,0.02024902129072143,0.013859054780560535,0.02663898780088232,5,15,vs
0.1,random,qrf,structured vs ptf_marg,joint,0.05568400539943952,0.04653637584567093,0.06483163495320811,5,15,vs
0.1,random,qrf,structured vs ptf,joint,0.09212308681276649,0.07602052780216374,0.10822564582336923,5,15,vs
0.1,random,qrf,structured vs clip,joint,0.09909441354833684,0.08760255004922055,0.11058627704745314,5,15,vs
0.1,random,qrf,structured vs free,joint,0.1902794278370901,0.1778551911851778,0.20270366448900237,5,15,vs
0.1,random,qrf,chained vs free,joint,0.1742967542621266,0.16190369927166595,0.18668980925258724,5,15,vs
0.3,group,qrf,structured vs chained,joint,0.004284251769074809,-0.0017127404216919235,0.010281243959841542,5,15,vs
0.3,group,qrf,structured_ya vs chained,joint,0.011497013404549153,0.006329261949742976,0.01666476485935533,5,15,vs
0.3,group,qrf,structured vs ptf_marg,joint,0.048275421035553996,0.03309724691034964,0.06345359516075835,5,15,vs
0.3,group,qrf,structured vs ptf,joint,0.07911600814276447,0.05926660566154768,0.09896541062398126,5,15,vs
0.3,group,qrf,structured vs clip,joint,0.09579899283098255,0.07863683246932512,0.11296115319263997,5,15,vs
0.3,group,qrf,structured vs free,joint,0.19685975572149841,0.1822438216244054,0.21147568981859144,5,15,vs
0.3,group,qrf,chained vs free,joint,0.1925755039524236,0.17954024109641423,0.20561076680843296,5,15,vs
0.3,random,qrf,structured vs chained,joint,0.0054027361927173395,-0.003000508163572891,0.013805980549007571,5,15,vs
0.3,random,qrf,structured_ya vs chained,joint,0.010645614244174295,0.006816825435150428,0.014474403053198161,5,15,vs
0.3,random,qrf,structured vs ptf_marg,joint,0.06061722052835811,0.051211135836132515,0.0700233052205837,5,15,vs
0.3,random,qrf,structured vs ptf,joint,0.0971296236061309,0.08232454888136408,0.11193469833089771,5,15,vs
0.3,random,qrf,structured vs clip,joint,0.09342358300743828,0.07946766926055682,0.10737949675431974,5,15,vs
0.3,random,qrf,structured vs free,joint,0.18068593396960692,0.1671582615113257,0.19421360642788812,5,15,vs
0.3,random,qrf,chained vs free,joint,0.17528319777688955,0.1650028515350041,0.185563544018775,5,15,vs
1.0,all,qrf,structured vs chained,joint,-0.0036202894638067916,-0.0100809887433754,0.0028404098157618165,5,5,vs
1.0,all,qrf,structured_ya vs chained,joint,0.002867999477797345,-0.0011529163579498546,0.006888915313544545,5,5,vs
1.0,all,qrf,structured vs ptf_marg,joint,0.06757736221931891,0.05762745029459546,0.07752727414404237,5,5,vs
1.0,all,qrf,structured vs ptf,joint,0.1030546502284444,0.08827643511105192,0.11783286534583688,5,5,vs
1.0,all,qrf,structured vs clip,joint,0.08638251057005128,0.07621773563966938,0.09654728550043318,5,5,vs
1.0,all,qrf,structured vs free,joint,0.17080090451100213,0.16304164072001995,0.17856016830198432,5,5,vs
1.0,all,qrf,chained vs free,joint,0.17442119397480893,0.16561591137263085,0.183226476576987,5,5,vs
