level,scheme,learner,contrast,target,diff,lo,hi,n_folds,units,stratum
0.03,group,qrf,structured vs chained,cec,0.009320842576021275,-0.023294086658063408,0.04193577181010596,5,15,retained
0.03,group,qrf,structured vs chained,n,-0.0030212164500091664,-0.08619153473072776,0.08014910183070943,5,15,retained
0.03,group,qrf,structured vs chained,mean,0.0031498130630060518,-0.05161317585940531,0.057912801985417414,5,15,retained
0.03,group,qrf,structured_ya vs chained,cec,0.009648147911758527,-0.019427674908106936,0.038723970731623994,5,15,retained
0.03,group,qrf,structured_ya vs chained,n,0.023175531337383332,-0.04321030911202628,0.08956137178679294,5,15,retained
0.03,group,qrf,structured_ya vs chained,mean,0.01641183962457093,-0.02535818038407803,0.058181859633219896,5,15,retained
0.03,group,qrf,structured vs ptf_marg,cec,0.0634692543554219,0.02740274275250127,0.09953576595834254,5,15,retained
0.03,group,qrf,structured vs ptf_marg,n,0.0879422047678304,-0.04500139898332564,0.22088580851898645,5,15,retained
0.03,group,qrf,structured vs ptf_marg,mean,0.07570572956162616,0.0007361614121693255,0.150675297711083,5,15,retained
0.03,group,qrf,structured vs ptf,cec,0.07050061589083223,0.03348962821958275,0.10751160356208171,5,15,retained
0.03,group,qrf,structured vs ptf,n,0.08424423931123669,-0.04758928164632491,0.21607776026879827,5,15,retained
0.03,group,qrf,structured vs ptf,mean,0.07737242760103447,0.0012514889845130078,0.15349336621755594,5,15,retained
0.03,group,qrf,structured vs clip,cec,0.03481877112828375,0.008850203668633868,0.06078733858793363,5,15,retained
0.03,group,qrf,structured vs clip,n,0.05405630430393814,-0.04763713271614964,0.15574974132402591,5,15,retained
0.03,group,qrf,structured vs clip,mean,0.04443753771611095,-0.012474014821006546,0.10134909025322844,5,15,retained
0.03,group,qrf,structured vs free,cec,0.07467394203671045,0.021500879420128863,0.12784700465329202,5,15,retained
0.03,group,qrf,structured vs free,n,0.07586955820055544,-0.010623515183572449,0.16236263158468334,5,15,retained
0.03,group,qrf,structured vs free,mean,0.07527175011863294,0.024994784104596116,0.12554871613266977,5,15,retained
0.03,group,qrf,chained vs free,cec,0.06535309946068918,0.01703240573568649,0.11367379318569187,5,15,retained
0.03,group,qrf,chained vs free,n,0.07889077465056461,0.051098567201814424,0.1066829820993148,5,15,retained
0.03,group,qrf,chained vs free,mean,0.07212193705562689,0.05363500267038866,0.09060887144086512,5,15,retained
0.1,group,qrf,structured vs chained,cec,0.0002464175051975381,-0.015920762597162887,0.016413597607557964,5,15,retained
0.1,group,qrf,structured vs chained,n,-0.010748092666630859,-0.04776788061016887,0.02627169527690715,5,15,retained
0.1,group,qrf,structured vs chained,mean,-0.005250837580716661,-0.02472116128654918,0.014219486125115859,5,15,retained
0.1,group,qrf,structured_ya vs chained,cec,0.0006654359419926424,-0.010801353973296016,0.012132225857281301,5,15,retained
0.1,group,qrf,structured_ya vs chained,n,0.0040081406786654315,-0.02996856033248329,0.03798484168981415,5,15,retained
0.1,group,qrf,structured_ya vs chained,mean,0.002336788310329037,-0.01215895469407956,0.016832531314737633,5,15,retained
0.1,group,qrf,structured vs ptf_marg,cec,0.059048137174017745,-0.009604242409069277,0.12770051675710475,5,15,retained
0.1,group,qrf,structured vs ptf_marg,n,0.06732380224025207,0.026361133116172927,0.10828647136433121,5,15,retained
0.1,group,qrf,structured vs ptf_marg,mean,0.06318596970713489,0.03872525945405579,0.08764667996021398,5,15,retained
0.1,group,qrf,structured vs ptf,cec,0.06599136302630422,-0.01079581018881702,0.14277853624142545,5,15,retained
0.1,group,qrf,structured vs ptf,n,0.07273833973283317,0.02667270416088257,0.11880397530478376,5,15,retained
0.1,group,qrf,structured vs ptf,mean,0.06936485137956869,0.038052465526709656,0.10067723723242772,5,15,retained
0.1,group,qrf,structured vs clip,cec,0.018390120486936386,0.0011444496182514766,0.035635791355621296,5,15,retained
0.1,group,qrf,structured vs clip,n,0.03241122750290813,-0.03280064226190363,0.0976230972677199,5,15,retained
0.1,group,qrf,structured vs clip,mean,0.025400673994922258,-0.014395481819525772,0.06519682980937029,5,15,retained
0.1,group,qrf,structured vs free,cec,0.03937613430931254,0.005607887603912794,0.0731443810147123,5,15,retained
0.1,group,qrf,structured vs free,n,0.0422297067115167,-0.014403451240524008,0.0988628646635574,5,15,retained
0.1,group,qrf,structured vs free,mean,0.04080292051041463,0.01464764036091126,0.06695820065991799,5,15,retained
0.1,group,qrf,chained vs free,cec,0.039129716804115006,0.01292672798118643,0.06533270562704357,5,15,retained
0.1,group,qrf,chained vs free,n,0.05297779937814755,0.024060056391142462,0.08189554236515263,5,15,retained
0.1,group,qrf,chained vs free,mean,0.04605375809113128,0.025079503466152495,0.06702801271611007,5,15,retained
0.3,group,qrf,structured vs chained,cec,-0.0030068311963665694,-0.010745381046048313,0.004731718653315174,5,15,retained
0.3,group,qrf,structured vs chained,n,-0.016342600642710137,-0.033548167906599716,0.0008629666211794444,5,15,retained
0.3,group,qrf,structured vs chained,mean,-0.009674715919538354,-0.021677562721388474,0.0023281308823117682,5,15,retained
0.3,group,qrf,structured_ya vs chained,cec,-0.0022725312081724944,-0.010168962607069298,0.005623900190724309,5,15,retained
0.3,group,qrf,structured_ya vs chained,n,2.0682211022101173e-05,-0.01206509693768153,0.012106461359725734,5,15,retained
0.3,group,qrf,structured_ya vs chained,mean,-0.0011259244985751963,-0.00833506344345027,0.006083214446299877,5,15,retained
0.3,group,qrf,structured vs ptf_marg,cec,0.10443057677495786,0.024265923945350182,0.18459522960456554,5,15,retained
0.3,group,qrf,structured vs ptf_marg,n,0.06458352288966199,0.034819716801387214,0.09434732897793677,5,15,retained
0.3,group,qrf,structured vs ptf_marg,mean,0.08450704983230993,0.05017780560094094,0.11883629406367892,5,15,retained
0.3,group,qrf,structured vs ptf,cec,0.10999451488419978,0.028034286459742208,0.19195474330865736,5,15,retained
0.3,group,qrf,structured vs ptf,n,0.06474078831404956,0.03046548981529027,0.09901608681280885,5,15,retained
0.3,group,qrf,structured vs ptf,mean,0.08736765159912466,0.04657848166612948,0.12815682153211982,5,15,retained
0.3,group,qrf,structured vs clip,cec,0.016027595725960755,-0.006391653920553429,0.03844684537247494,5,15,retained
0.3,group,qrf,structured vs clip,n,0.011748580619957812,-0.025413933039157757,0.04891109427907338,5,15,retained
0.3,group,qrf,structured vs clip,mean,0.013888088172959282,-0.01480349513055602,0.04257967147647458,5,15,retained
0.3,group,qrf,structured vs free,cec,0.01605803258454399,-0.003435821722473111,0.035551886891561094,5,15,retained
0.3,group,qrf,structured vs free,n,0.011749059482904662,-0.02105308185032507,0.04455120081613439,5,15,retained
0.3,group,qrf,structured vs free,mean,0.013903546033724326,-0.007785810930518255,0.035592902997966906,5,15,retained
0.3,group,qrf,chained vs free,cec,0.01906486378091056,0.0035470225221039264,0.03458270503971719,5,15,retained
0.3,group,qrf,chained vs free,n,0.028091660125614797,0.010302036062204957,0.04588128418902464,5,15,retained
0.3,group,qrf,chained vs free,mean,0.02357826195326268,0.011947042236063394,0.035209481670461965,5,15,retained
0.03,group,qrf,structured vs chained,cec,0.023733838465236783,0.0002046096638820133,0.04726306726659155,5,15,thinned
0.03,group,qrf,structured vs chained,n,0.011527054039244321,-0.01618604800900297,0.03924015608749161,5,15,thinned
0.03,group,qrf,structured vs chained,mean,0.017630446252240552,0.00017728326971021627,0.035083609234770885,5,15,thinned
0.03,group,qrf,structured_ya vs chained,cec,0.02470494034863132,0.004464410454800609,0.04494547024246203,5,15,thinned
0.03,group,qrf,structured_ya vs chained,n,0.029556357253529647,0.009731592033283113,0.049381122473776184,5,15,thinned
0.03,group,qrf,structured_ya vs chained,mean,0.02713064880108048,0.014664299503593953,0.03959699809856701,5,15,thinned
0.03,group,qrf,structured vs ptf_marg,cec,0.027960362260359896,-0.016387860543715972,0.07230858506443577,5,15,thinned
0.03,group,qrf,structured vs ptf_marg,n,0.019707721068513255,-0.0005558260177192416,0.03997126815474575,5,15,thinned
0.03,group,qrf,structured vs ptf_marg,mean,0.023834041664436575,0.0035927500809594635,0.044075333247913684,5,15,thinned
0.03,group,qrf,structured vs ptf,cec,0.043431407658758914,-0.01596127836602377,0.10282409368354159,5,15,thinned
0.03,group,qrf,structured vs ptf,n,0.02240599844467627,-0.004589986735505341,0.049401983624857884,5,15,thinned
0.03,group,qrf,structured vs ptf,mean,0.03291870305171759,0.002269664697515432,0.06356774140591975,5,15,thinned
0.03,group,qrf,structured vs clip,cec,0.05296647983646341,0.03247100759403546,0.07346195207889136,5,15,thinned
0.03,group,qrf,structured vs clip,n,0.07436831766933982,0.052673451524418435,0.09606318381426121,5,15,thinned
0.03,group,qrf,structured vs clip,mean,0.06366739875290162,0.04726867435705605,0.08006612314874718,5,15,thinned
0.03,group,qrf,structured vs free,cec,0.12426895549059866,0.08876138381604681,0.1597765271651505,5,15,thinned
0.03,group,qrf,structured vs free,n,0.13938862392990317,0.10541727209395398,0.17335997576585238,5,15,thinned
0.03,group,qrf,structured vs free,mean,0.13182878971025092,0.10381332755168785,0.15984425186881399,5,15,thinned
0.03,group,qrf,chained vs free,cec,0.10053511702536189,0.08344630088409416,0.11762393316662961,5,15,thinned
0.03,group,qrf,chained vs free,n,0.12786156989065883,0.09886693050326412,0.15685620927805355,5,15,thinned
0.03,group,qrf,chained vs free,mean,0.11419834345801035,0.09366454366544887,0.1347321432505718,5,15,thinned
0.1,group,qrf,structured vs chained,cec,0.01783804257454582,0.008330890384602128,0.02734519476448951,5,15,thinned
0.1,group,qrf,structured vs chained,n,-0.005019746452439914,-0.01840992351595363,0.008370430611073803,5,15,thinned
0.1,group,qrf,structured vs chained,mean,0.006409148061052953,-0.0006157469278719047,0.013434043049977811,5,15,thinned
0.1,group,qrf,structured_ya vs chained,cec,0.019069546987878137,0.00848274273057273,0.029656351245183545,5,15,thinned
0.1,group,qrf,structured_ya vs chained,n,0.012598723448291636,0.005013137257395647,0.020184309639187624,5,15,thinned
0.1,group,qrf,structured_ya vs chained,mean,0.015834135218084883,0.008739315205064876,0.02292895523110489,5,15,thinned
0.1,group,qrf,structured vs ptf_marg,cec,0.062484057993456,0.016250999603645767,0.10871711638326623,5,15,thinned
0.1,group,qrf,structured vs ptf_marg,n,0.04790919207151043,0.04015873287203244,0.055659651270988424,5,15,thinned
0.1,group,qrf,structured vs ptf_marg,mean,0.05519662503248322,0.03526269799358246,0.07513055207138397,5,15,thinned
0.1,group,qrf,structured vs ptf,cec,0.07331226108800845,0.016537108856647158,0.13008741331936974,5,15,thinned
0.1,group,qrf,structured vs ptf,n,0.04749428115937794,0.03635554826193958,0.0586330140568163,5,15,thinned
0.1,group,qrf,structured vs ptf,mean,0.06040327112369318,0.034727299419352695,0.08607924282803367,5,15,thinned
0.1,group,qrf,structured vs clip,cec,0.06904172274080815,0.04609169781111144,0.09199174767050486,5,15,thinned
0.1,group,qrf,structured vs clip,n,0.07316526938386465,0.055359839293732886,0.09097069947399641,5,15,thinned
0.1,group,qrf,structured vs clip,mean,0.0711034960623364,0.05190231265061264,0.09030467947406016,5,15,thinned
0.1,group,qrf,structured vs free,cec,0.12284278526172143,0.09004432494178116,0.1556412455816617,5,15,thinned
0.1,group,qrf,structured vs free,n,0.09737911975973527,0.07908571322052373,0.11567252629894682,5,15,thinned
0.1,group,qrf,structured vs free,mean,0.11011095251072833,0.08681351370523413,0.13340839131622254,5,15,thinned
0.1,group,qrf,chained vs free,cec,0.10500474268717559,0.07514140473420594,0.13486808064014524,5,15,thinned
0.1,group,qrf,chained vs free,n,0.10239886621217517,0.0781718422943528,0.12662589012999753,5,15,thinned
0.1,group,qrf,chained vs free,mean,0.1037018044496754,0.08166304867496496,0.12574056022438584,5,15,thinned
0.3,group,qrf,structured vs chained,cec,0.005478749739747217,-0.006035267168327777,0.016992766647822212,5,15,thinned
0.3,group,qrf,structured vs chained,n,-0.01803713402193341,-0.03811143871527028,0.0020371706714034585,5,15,thinned
0.3,group,qrf,structured vs chained,mean,-0.006279192141093097,-0.013830824492901139,0.0012724402107149452,5,15,thinned
0.3,group,qrf,structured_ya vs chained,cec,0.0053191134997493845,-0.0026693111445990746,0.013307538144097844,5,15,thinned
0.3,group,qrf,structured_ya vs chained,n,0.002301421002215494,-0.006820532176747247,0.011423374181178236,5,15,thinned
0.3,group,qrf,structured_ya vs chained,mean,0.0038102672509824397,-0.0011713301745905503,0.00879186467655543,5,15,thinned
0.3,group,qrf,structured vs ptf_marg,cec,0.0638659641092466,0.02534999762677538,0.10238193059171781,5,15,thinned
0.3,group,qrf,structured vs ptf_marg,n,0.056943118181276606,0.04707513845084341,0.0668110979117098,5,15,thinned
0.3,group,qrf,structured vs ptf_marg,mean,0.060404541145261594,0.04052093146622418,0.080288150824299,5,15,thinned
0.3,group,qrf,structured vs ptf,cec,0.06943964293103365,0.021491855252601402,0.1173874306094659,5,15,thinned
0.3,group,qrf,structured vs ptf,n,0.0592375351197693,0.0462590952467191,0.0722159749928195,5,15,thinned
0.3,group,qrf,structured vs ptf,mean,0.06433858902540149,0.03859796537023407,0.0900792126805689,5,15,thinned
0.3,group,qrf,structured vs clip,cec,0.05951415818945203,0.040348050710356395,0.07868026566854766,5,15,thinned
0.3,group,qrf,structured vs clip,n,0.03753703102237768,0.0027616712593215922,0.07231239078543378,5,15,thinned
0.3,group,qrf,structured vs clip,mean,0.04852559460591485,0.022289906552462806,0.07476128265936689,5,15,thinned
0.3,group,qrf,structured vs free,cec,0.09802034078479319,0.07490982385979536,0.12113085770979101,5,15,thinned
0.3,group,qrf,structured vs free,n,0.056460684985952116,0.03459271140526912,0.07832865856663511,5,15,thinned
0.3,group,qrf,structured vs free,mean,0.07724051288537266,0.05840142589932633,0.096079599871419,5,15,thinned
0.3,group,qrf,chained vs free,cec,0.09254159104504599,0.06662690891949319,0.11845627317059879,5,15,thinned
0.3,group,qrf,chained vs free,n,0.07449781900788552,0.06040515054388594,0.0885904874718851,5,15,thinned
0.3,group,qrf,chained vs free,mean,0.08351970502646575,0.06939784954974182,0.09764156050318967,5,15,thinned
0.03,random,qrf,structured vs chained,cec,0.011919024118442804,-0.03246960371966586,0.05630765195655147,5,15,retained
0.03,random,qrf,structured vs chained,n,-0.0028704474392659885,-0.09788430165176047,0.0921434067732285,5,15,retained
0.03,random,qrf,structured vs chained,mean,0.004524288339588409,-0.05830081294636121,0.06734938962553803,5,15,retained
0.03,random,qrf,structured_ya vs chained,cec,0.009275093009926766,-0.03018107569326442,0.04873126171311795,5,15,retained
0.03,random,qrf,structured_ya vs chained,n,0.03196411080753751,-0.03374408054604325,0.09767230216111827,5,15,retained
0.03,random,qrf,structured_ya vs chained,mean,0.02061960190873214,-0.02453559672820689,0.06577480054567117,5,15,retained
0.03,random,qrf,structured vs ptf_marg,cec,0.05189908632984165,-0.012314110942078682,0.11611228360176198,5,15,retained
0.03,random,qrf,structured vs ptf_marg,n,0.06746814929456577,0.00878809039403064,0.1261482081951009,5,15,retained
0.03,random,qrf,structured vs ptf_marg,mean,0.0596836178122037,0.009341418173158214,0.11002581745124919,5,15,retained
0.03,random,qrf,structured vs ptf,cec,0.06104227070641792,-0.005529932198305346,0.1276144736111412,5,15,retained
0.03,random,qrf,structured vs ptf,n,0.05980318622103594,0.00017031262046537932,0.1194360598216065,5,15,retained
0.03,random,qrf,structured vs ptf,mean,0.06042272846372693,0.005626174863360811,0.11521928206409304,5,15,retained
0.03,random,qrf,structured vs clip,cec,0.04549523366651114,0.00033453653620241913,0.09065593079681986,5,15,retained
0.03,random,qrf,structured vs clip,n,0.047939849699958494,-0.07251511603832386,0.16839481543824086,5,15,retained
0.03,random,qrf,structured vs clip,mean,0.04671754168323482,-0.030972750500405016,0.12440783386687465,5,15,retained
0.03,random,qrf,structured vs free,cec,0.08545814234599454,0.01981899142804726,0.15109729326394183,5,15,retained
0.03,random,qrf,structured vs free,n,0.06874696925806481,-0.041581870282693015,0.17907580879882262,5,15,retained
0.03,random,qrf,structured vs free,mean,0.07710255580202967,-0.004135032951215548,0.1583401445552749,5,15,retained
0.03,random,qrf,chained vs free,cec,0.07353911822755174,0.029790606898694255,0.11728762955640923,5,15,retained
0.03,random,qrf,chained vs free,n,0.07161741669733081,-0.0065313268299104915,0.14976616022457212,5,15,retained
0.03,random,qrf,chained vs free,mean,0.0725782674624413,0.01219314720396815,0.13296338772091443,5,15,retained
0.1,random,qrf,structured vs chained,cec,0.009289199646010049,-0.015644163544002693,0.03422256283602279,5,15,retained
0.1,random,qrf,structured vs chained,n,-0.0063097233742382295,-0.027921456308685807,0.015302009560209346,5,15,retained
0.1,random,qrf,structured vs chained,mean,0.0014897381358859097,-0.01694845755533351,0.01992793382710533,5,15,retained
0.1,random,qrf,structured_ya vs chained,cec,0.008707536778130817,-0.011467682181749152,0.028882755738010787,5,15,retained
0.1,random,qrf,structured_ya vs chained,n,0.006961061370900008,-0.009482211361794899,0.023404334103594916,5,15,retained
0.1,random,qrf,structured_ya vs chained,mean,0.007834299074515414,-0.0028330392730900843,0.018501637422120912,5,15,retained
0.1,random,qrf,structured vs ptf_marg,cec,0.04765779456442627,-0.013782862828696327,0.10909845195754887,5,15,retained
0.1,random,qrf,structured vs ptf_marg,n,0.06429407629302832,0.019333260242549798,0.10925489234350683,5,15,retained
0.1,random,qrf,structured vs ptf_marg,mean,0.055975935428727294,0.029136734301856638,0.08281513655559795,5,15,retained
0.1,random,qrf,structured vs ptf,cec,0.04926302327209141,-0.011656074532178276,0.11018212107636109,5,15,retained
0.1,random,qrf,structured vs ptf,n,0.06860796431475111,0.0167031311495364,0.12051279747996582,5,15,retained
0.1,random,qrf,structured vs ptf,mean,0.058935493793421265,0.028862229927418354,0.08900875765942418,5,15,retained
0.1,random,qrf,structured vs clip,cec,0.03055527830227104,0.008001883215833314,0.05310867338870877,5,15,retained
0.1,random,qrf,structured vs clip,n,0.04139088408570974,-0.015082583174126737,0.09786435134554622,5,15,retained
0.1,random,qrf,structured vs clip,mean,0.03597308119399039,-0.003355361392425843,0.07530152378040662,5,15,retained
0.1,random,qrf,structured vs free,cec,0.05880947037177542,0.01598305146700548,0.10163588927654535,5,15,retained
0.1,random,qrf,structured vs free,n,0.04863218629544022,0.011041310892614564,0.08622306169826588,5,15,retained
0.1,random,qrf,structured vs free,mean,0.05372082833360782,0.025899412578414795,0.08154224408880084,5,15,retained
0.1,random,qrf,chained vs free,cec,0.04952027072576538,0.005487114305440917,0.09355342714608986,5,15,retained
0.1,random,qrf,chained vs free,n,0.054941909669678456,0.02750435253185728,0.08237946680749964,5,15,retained
0.1,random,qrf,chained vs free,mean,0.052231090197721916,0.02171266790671078,0.08274951248873305,5,15,retained
0.3,random,qrf,structured vs chained,cec,0.003829349668485656,-0.0002481278157246041,0.007906827152695917,5,15,retained
0.3,random,qrf,structured vs chained,n,-0.01637200046802677,-0.03590105840297958,0.0031570574669260373,5,15,retained
0.3,random,qrf,structured vs chained,mean,-0.006271325399770554,-0.016709424300368602,0.004166773500827495,5,15,retained
0.3,random,qrf,structured_ya vs chained,cec,0.0037841270122106322,0.0010898692589967254,0.006478384765424539,5,15,retained
0.3,random,qrf,structured_ya vs chained,n,0.0005428727061896749,-0.01177779350544904,0.012863538917828389,5,15,retained
0.3,random,qrf,structured_ya vs chained,mean,0.002163499859200154,-0.004464747126413071,0.008791746844813379,5,15,retained
0.3,random,qrf,structured vs ptf_marg,cec,0.10690403077743141,0.03241214314186422,0.1813959184129986,5,15,retained
0.3,random,qrf,structured vs ptf_marg,n,0.07232543430892244,0.04219947752124391,0.10245139109660097,5,15,retained
0.3,random,qrf,structured vs ptf_marg,mean,0.08961473254317692,0.0530732284161641,0.12615623667018974,5,15,retained
0.3,random,qrf,structured vs ptf,cec,0.11434411061630953,0.03924816005334046,0.18944006117927858,5,15,retained
0.3,random,qrf,structured vs ptf,n,0.07153904094711983,0.03199263285041693,0.11108544904382273,5,15,retained
0.3,random,qrf,structured vs ptf,mean,0.09294157578171468,0.05534728322918865,0.1305358683342407,5,15,retained
0.3,random,qrf,structured vs clip,cec,0.0276129300118984,0.017775273118849612,0.03745058690494719,5,15,retained
0.3,random,qrf,structured vs clip,n,0.01295388554382082,-0.015593590615477722,0.04150136170311936,5,15,retained
0.3,random,qrf,structured vs clip,mean,0.02028340777785961,0.0033205698406088384,0.037246245715110385,5,15,retained
0.3,random,qrf,structured vs free,cec,0.02869743127717959,0.011898723459584731,0.04549613909477445,5,15,retained
0.3,random,qrf,structured vs free,n,0.010947895168543716,-0.015218239833202484,0.03711403017028991,5,15,retained
0.3,random,qrf,structured vs free,mean,0.019822663222861657,0.00709913696407607,0.032546189481647246,5,15,retained
0.3,random,qrf,chained vs free,cec,0.024868081608693936,0.0059705573862471745,0.0437656058311407,5,15,retained
0.3,random,qrf,chained vs free,n,0.027319895636570484,0.008113230981324125,0.04652656029181684,5,15,retained
0.3,random,qrf,chained vs free,mean,0.026093988622632208,0.01597027274750184,0.03621770449776258,5,15,retained
0.03,random,qrf,structured vs chained,cec,0.015152563777645437,0.010115707344211734,0.02018942021107914,5,15,thinned
0.03,random,qrf,structured vs chained,n,0.006629297919740584,-0.01633039562168948,0.02958899146117065,5,15,thinned
0.03,random,qrf,structured vs chained,mean,0.01089093084869301,-0.00019312910349337208,0.02197499080087939,5,15,thinned
0.03,random,qrf,structured_ya vs chained,cec,0.014427077353272755,0.0070336640896850955,0.021820490616860415,5,15,thinned
0.03,random,qrf,structured_ya vs chained,n,0.01700932419215635,7.511974162378518e-05,0.03394352864268892,5,15,thinned
0.03,random,qrf,structured_ya vs chained,mean,0.015718200772714554,0.0066254451479418695,0.02481095639748724,5,15,thinned
0.03,random,qrf,structured vs ptf_marg,cec,0.07158042615177694,0.033480113677052566,0.10968073862650132,5,15,thinned
0.03,random,qrf,structured vs ptf_marg,n,0.05998221602808092,0.053121692766473855,0.06684273928968798,5,15,thinned
0.03,random,qrf,structured vs ptf_marg,mean,0.06578132108992893,0.044868490550264026,0.08669415162959383,5,15,thinned
0.03,random,qrf,structured vs ptf,cec,0.08196012867555053,0.03034208989448492,0.13357816745661613,5,15,thinned
0.03,random,qrf,structured vs ptf,n,0.06239507278053882,0.0515871070305174,0.07320303853056023,5,15,thinned
0.03,random,qrf,structured vs ptf,mean,0.07217760072804466,0.04354419086689458,0.10081101058919474,5,15,thinned
0.03,random,qrf,structured vs clip,cec,0.03927521036052022,0.03428906932044269,0.044261351400597754,5,15,thinned
0.03,random,qrf,structured vs clip,n,0.04942818564661862,0.013824482403806182,0.08503188888943106,5,15,thinned
0.03,random,qrf,structured vs clip,mean,0.044351698003569424,0.02594103313430168,0.06276236287283717,5,15,thinned
0.03,random,qrf,structured vs free,cec,0.06181587921593853,0.05040211798148882,0.07322964045038824,5,15,thinned
0.03,random,qrf,structured vs free,n,0.07028583317127547,0.04041893628789543,0.10015273005465551,5,15,thinned
0.03,random,qrf,structured vs free,mean,0.066050856193607,0.04791419121481309,0.0841875211724009,5,15,thinned
0.03,random,qrf,chained vs free,cec,0.04666331543829309,0.034573504211629816,0.05875312666495637,5,15,thinned
0.03,random,qrf,chained vs free,n,0.06365653525153489,0.04542185988697024,0.08189121061609954,5,15,thinned
0.03,random,qrf,chained vs free,mean,0.055159925344913985,0.04534661504475354,0.06497323564507443,5,15,thinned
0.1,random,qrf,structured vs chained,cec,0.004357727131389118,-0.0030809893654560683,0.011796443628234305,5,15,thinned
0.1,random,qrf,structured vs chained,n,-0.011591414667300255,-0.028445364339951654,0.005262535005351145,5,15,thinned
0.1,random,qrf,structured vs chained,mean,-0.0036168437679555696,-0.014044981652039493,0.006811294116128353,5,15,thinned
0.1,random,qrf,structured_ya vs chained,cec,0.00438734055362732,-0.0005073085340113566,0.009281989641265996,5,15,thinned
0.1,random,qrf,structured_ya vs chained,n,0.003092424081505718,-0.005342278885322083,0.01152712704833352,5,15,thinned
0.1,random,qrf,structured_ya vs chained,mean,0.003739882317566519,-0.0008359917271576192,0.008315756362290656,5,15,thinned
0.1,random,qrf,structured vs ptf_marg,cec,0.08502985033564275,0.048470610161030714,0.1215890905102548,5,15,thinned
0.1,random,qrf,structured vs ptf_marg,n,0.0664729176290646,0.05852489527197575,0.07442093998615344,5,15,thinned
0.1,random,qrf,structured vs ptf_marg,mean,0.07575138398235368,0.058218775509435966,0.09328399245527139,5,15,thinned
0.1,random,qrf,structured vs ptf,cec,0.09530149533599386,0.04337495987307184,0.1472280307989159,5,15,thinned
0.1,random,qrf,structured vs ptf,n,0.06914758209468173,0.056270521057643144,0.08202464313172032,5,15,thinned
0.1,random,qrf,structured vs ptf,mean,0.08222453871533779,0.05571091236314331,0.10873816506753227,5,15,thinned
0.1,random,qrf,structured vs clip,cec,0.02725304277451559,0.018250379693691702,0.03625570585533948,5,15,thinned
0.1,random,qrf,structured vs clip,n,0.01968619125760754,-0.002322599070737435,0.041694981585952515,5,15,thinned
0.1,random,qrf,structured vs clip,mean,0.02346961701606156,0.010815204629174171,0.03612402940294895,5,15,thinned
0.1,random,qrf,structured vs free,cec,0.03741073890900616,0.021199976537653105,0.05362150128035922,5,15,thinned
0.1,random,qrf,structured vs free,n,0.030634229879102005,0.020442341532537548,0.040826118225666466,5,15,thinned
0.1,random,qrf,structured vs free,mean,0.03402248439405409,0.021931418140459846,0.04611355064764833,5,15,thinned
0.1,random,qrf,chained vs free,cec,0.03305301177761705,0.02362437800696989,0.0424816455482642,5,15,thinned
0.1,random,qrf,chained vs free,n,0.042225644546402256,0.029599719773990507,0.054851569318814006,5,15,thinned
0.1,random,qrf,chained vs free,mean,0.03763932816200965,0.031967265600099506,0.04331139072391979,5,15,thinned
0.3,random,qrf,structured vs chained,cec,-0.0012928607924315456,-0.005708560400486265,0.003122838815623174,5,15,thinned
0.3,random,qrf,structured vs chained,n,-0.02030641013711639,-0.037907273186528596,-0.0027055470877041868,5,15,thinned
0.3,random,qrf,structured vs chained,mean,-0.010799635464773968,-0.019888657009964367,-0.0017106139195835705,5,15,thinned
0.3,random,qrf,structured_ya vs chained,cec,-0.00048640591836524017,-0.004774483120574935,0.0038016712838444544,5,15,thinned
0.3,random,qrf,structured_ya vs chained,n,-0.0035861967872400516,-0.012579657894009305,0.005407264319529201,5,15,thinned
0.3,random,qrf,structured_ya vs chained,mean,-0.002036301352802646,-0.005931641808627054,0.001859039103021762,5,15,thinned
0.3,random,qrf,structured vs ptf_marg,cec,0.0837037702511482,0.046815367545226146,0.12059217295707025,5,15,thinned
0.3,random,qrf,structured vs ptf_marg,n,0.07030514601501266,0.05407929935716207,0.08653099267286324,5,15,thinned
0.3,random,qrf,structured vs ptf_marg,mean,0.07700445813308043,0.06162217043788999,0.09238674582827087,5,15,thinned
0.3,random,qrf,structured vs ptf,cec,0.09161529232849777,0.04820406977408532,0.13502651488291023,5,15,thinned
0.3,random,qrf,structured vs ptf,n,0.07440028020198745,0.055134356126840006,0.0936662042771349,5,15,thinned
0.3,random,qrf,structured vs ptf,mean,0.0830077862652426,0.06293619632656489,0.10307937620392033,5,15,thinned
0.3,random,qrf,structured vs clip,cec,0.018324817330797515,0.010499800777436803,0.026149833884158227,5,15,thinned
0.3,random,qrf,structured vs clip,n,0.003078114487971499,-0.022240621742962645,0.028396850718905645,5,15,thinned
0.3,random,qrf,structured vs clip,mean,0.010701465909384509,-0.004571680276015859,0.025974612094784875,5,15,thinned
0.3,random,qrf,structured vs free,cec,0.017770037064675046,0.0023558362539513253,0.033184237875398766,5,15,thinned
0.3,random,qrf,structured vs free,n,0.009218732341982878,-0.005677518752182122,0.024114983436147878,5,15,thinned
0.3,random,qrf,structured vs free,mean,0.013494384703328963,0.0010293388069520636,0.02595943059970586,5,15,thinned
0.3,random,qrf,chained vs free,cec,0.01906289785710659,0.0057299969972284,0.03239579871698478,5,15,thinned
0.3,random,qrf,chained vs free,n,0.02952514247909927,0.015551462686197767,0.043498822272000776,5,15,thinned
0.3,random,qrf,chained vs free,mean,0.02429402016810293,0.01648015110784504,0.03210788922836082,5,15,thinned
