level,scheme,target,ptf,ptf_marg,qrf:chained,qrf:clip,qrf:free,qrf:oracle_ya,qrf:structured,qrf:structured_og,qrf:structured_ya,tabicl:chained,tabicl:clip,tabicl:free,tabicl:oracle_ya,tabicl:structured,tabicl:structured_og,tabicl:structured_ya,tabm:chained,tabm:clip,tabm:free,tabm:oracle_ya,tabm:structured,tabm:structured_og,tabm:structured_ya
0.03,group,cec,0.8096216891294167,0.8854659936514544,0.8912941666233023,0.863740438153718,0.8745381693292398,0.8447728573658739,0.9052921892074726,0.8966279856377166,0.9004527241504917,0.9175729822552948,0.8960295571629286,0.9140084300359057,0.9134620388197949,0.9404433574439298,0.9338606442212625,0.9354477806109174,0.8305146484883177,0.7876619659676328,0.7346620180048915,0.6717489722641411,0.8484414841026174,0.8508091793724306,0.8657959098714679
0.03,group,n,0.8879698253043938,0.9338935944944415,0.8869772366331392,0.8403917416622552,0.8462149285336157,0.840060878771837,0.936209634727369,,0.9282027527792482,0.9342906299629433,0.8914107993647432,0.9139756484912652,0.9500397035468502,0.95857596611964,,0.9447458973001588,0.8562731604023293,0.7924827951296982,0.7859978824775014,0.7699841185812599,0.9243647432503971,,0.9049761778718899
0.03,random,cec,0.8126138315033564,0.9074777540719154,0.9013373575480044,0.8543997502211583,0.8760472498308789,0.8844252484779102,0.907113493261175,0.9064890461570484,0.9095072071603268,0.8953530728001249,0.8714679710672841,0.902221990945517,0.8897330488629859,0.9160118644949784,0.9146588957693709,0.9094031326429723,0.8893167507935682,0.8530467814955508,0.8655877608367591,0.8645990529218921,0.9017016183587448,0.8993599417182703,0.8996201280116564
0.03,random,n,0.8906829010058231,0.9438856537850715,0.9033880359978825,0.8587877183695076,0.8816834303864478,0.9032556908417152,0.9426945473795659,,0.9348861831656962,0.9097406034939122,0.8618316569613552,0.8886977236633139,0.9207252514557968,0.9471942826892535,,0.9163578613022764,0.9025939650608787,0.8243779777660137,0.8406564319745897,0.8796982530439386,0.9395182636315511,,0.9127845420857597
0.1,group,cec,0.8188062652859447,0.9073216422958839,0.8991778113129001,0.8680595306239267,0.8874173908518499,0.8780767029192902,0.9093771140136337,0.9060987667169693,0.909559244419004,0.9068793255971276,0.8854139563927772,0.9103137846698236,0.9225685590883073,0.9316230420981423,0.9294895144923765,0.9183275225061144,0.8732372378623094,0.8361346724254566,0.824738512775147,0.7945829213717022,0.8859083103502108,0.8839048758911381,0.8861684966435969
0.1,group,n,0.8881021704605612,0.9430254102699841,0.8995500264690313,0.8392668078348332,0.8638830068819481,0.8883006881948121,0.9449444150344097,,0.930651138168343,0.920659078877713,0.8658020116463737,0.8940577024880889,0.9437533086289042,0.953414505029116,,0.9211884595023823,0.8863155108523028,0.8030042350449974,0.8188194812069878,0.8411858125992588,0.9337612493382742,,0.9086156696664902
0.1,random,cec,0.8146953218504449,0.9044075558099599,0.902221990945517,0.8501847322683042,0.8762033616069106,0.8793776343862205,0.9041994067752511,0.9032106988603841,0.9082062756933965,0.895613259093511,0.8626736743508352,0.8940001040745174,0.893167507935682,0.9127855544569912,0.9101836915231306,0.9054483009835042,0.8957693708695426,0.8539314148930635,0.8625175625748036,0.8135505021595463,0.8857782172035177,0.884373211219233,0.8947286256959983
0.1,random,n,0.8894917946003176,0.9450767601905771,0.9126521969295924,0.8712281630492325,0.8949179460031763,0.8969031233456856,0.9434886183165696,,0.9291953414505029,0.9093435680254103,0.8709634727368978,0.9014028586553732,0.9154314452091054,0.9446797247220752,,0.9109317098994176,0.9025939650608787,0.8407887771307571,0.8626257278983589,0.870566437268396,0.9339597670725251,,0.9159608258337745
0.3,group,cec,0.8135244835302077,0.9017276369880834,0.905266170578134,0.8612426497372119,0.8873133163344955,0.8803663423010876,0.9058125617942446,0.9041994067752511,0.9096373003070198,0.9066191393037415,0.8784409637300307,0.909559244419004,0.9138002810011968,0.9226726336056617,0.9210074413279908,0.9130197221210387,0.8914242597699953,0.8565072591975855,0.8681896237706198,0.8262996305354634,0.8915543529166884,0.8905916636311599,0.8986574387261279
0.3,group,n,0.8883006881948121,0.9471281101111699,0.9085494970884066,0.8613022763366861,0.883867125463208,0.8967046056114346,0.9407093700370567,,0.9266807834833245,0.9135124404446797,0.8725516146109052,0.9010058231868714,0.9197988353626257,0.943422445738486,,0.9172842773954474,0.9005426151402859,0.8501191106405506,0.868713605082054,0.8833377448385389,0.9374007411328745,,0.9088141874007412
0.3,random,cec,0.8132903158661602,0.9041994067752511,0.9025342144975803,0.85138158921788,0.8798459697143155,0.8785450382473852,0.9032627361190613,0.901753655617422,0.9069573814851434,0.8971223395951501,0.8656918353541135,0.8971743768538274,0.882916167976271,0.9055003382421815,0.9039912577405422,0.9019097673934537,0.897330488629859,0.8581984701045949,0.8764635479002966,0.8420148826559817,0.8920747255034605,0.8912941666233023,0.8981630847686943
0.3,random,n,0.8909475913181577,0.9437533086289042,0.9098729486500794,0.8669931180518793,0.8937268395976707,0.9028586553732133,0.9387241926945474,,0.9274748544203282,0.9115934356802541,0.8720222339862361,0.9029910005293806,0.9141079936474324,0.9444150344097406,,0.9135786130227633,0.9117257808364214,0.8443620963472737,0.8681842244573849,0.8665960825833775,0.9356802541026998,,0.9092112228692429
1.0,all,cec,0.8140708747463183,0.9023260654628714,0.9018577301347765,0.8576260602591456,0.8853098818754228,0.8823957953894989,0.9023260654628714,0.902482177238903,0.909299058125618,0.8985273455794349,0.8715200083259614,0.9041994067752511,0.8943643648852578,0.908570536504137,0.9084664619867825,0.9015455065827133,0.8919706509861061,0.8527865952021647,0.8739657594837904,0.8458656397980955,0.8932195451943592,0.8922828745381693,0.8945725139199667
1.0,all,n,0.8900211752249868,0.9444150344097406,0.9118581259925886,0.8642138697723664,0.8904182106934886,0.9002117522498676,0.942297511911064,,0.9245632609846479,0.9096082583377448,0.8671254632080466,0.8963737427210164,0.911990471148756,0.942297511911064,,0.912916887241927,0.9070937003705665,0.8613022763366861,0.8835362625727898,0.8818157755426151,0.9366066701958708,,0.9113287453679195
