target,learner,level,configs,seconds,n_train,labels_kept_mean,labels_kept_min,labels_kept_max,epochs,ess
n,qrf,0.03,15,1.507,274.667,0.045,0.024,0.064,,
n,qrf,0.1,15,1.633,846.333,0.14,0.089,0.16,,
n,qrf,0.3,15,1.92,2384.4,0.394,0.1,0.518,,
n,qrf,1.0,5,3.16,6044.8,1.0,1.0,1.0,,
n,tabm,0.03,15,4.513,274.667,0.045,0.024,0.064,36.4,
n,tabm,0.1,15,9.047,846.333,0.14,0.089,0.16,40.8,
n,tabm,0.3,15,11.413,2384.4,0.394,0.1,0.518,42.8,
n,tabm,1.0,5,23.32,6044.8,1.0,1.0,1.0,61.4,
n,tabicl,0.03,15,14.987,274.667,0.045,0.024,0.064,,274.667
n,tabicl,0.1,15,16.667,846.333,0.14,0.089,0.16,,846.333
n,tabicl,0.3,15,10.76,2384.4,0.394,0.1,0.518,,2384.4
n,tabicl,1.0,5,13.66,6044.8,1.0,1.0,1.0,,6044.8
cec,qrf,0.03,15,2.413,485.4,0.032,0.028,0.035,,
cec,qrf,0.1,15,2.58,1587.333,0.103,0.093,0.126,,
cec,qrf,0.3,15,3.3,4549.2,0.297,0.288,0.315,,
cec,qrf,1.0,5,6.98,15373.6,1.0,1.0,1.0,,
cec,tabm,0.03,15,7.667,485.4,0.032,0.028,0.035,43.533,
cec,tabm,0.1,15,11.433,1587.333,0.103,0.093,0.126,51.8,
cec,tabm,0.3,15,21.127,4549.2,0.297,0.288,0.315,74.267,
cec,tabm,1.0,5,47.78,15373.6,1.0,1.0,1.0,53.8,
cec,tabicl,0.03,15,61.053,485.4,0.032,0.028,0.035,,286.045
cec,tabicl,0.1,15,30.813,1587.333,0.103,0.093,0.126,,945.996
cec,tabicl,0.3,15,34.1,4549.2,0.297,0.288,0.315,,2726.887
cec,tabicl,1.0,5,53.3,15373.6,1.0,1.0,1.0,,9646.143
