level,scheme,target,arm,rho_obs,rho_obs_lo,rho_obs_hi,folds,rho_draws,rho_draws_lo,rho_draws_hi,rho_median,rho_median_lo,rho_median_hi,gap_draws,gap_draws_lo,gap_draws_hi,gap_median,gap_median_lo,gap_median_hi
0.03,group,cec,ptf,0.7466028811554073,0.71119496613956,0.7820107961712546,5,0.8685595514600137,0.8344715945335212,0.9026475083865063,0.8429575612708113,0.816598074129415,0.8693170484122077,0.1219566703046064,0.08084463203147457,0.16306870857773823,0.09635468011540407,0.05783295064672293,0.1348764095840852
0.03,group,cec,ptf_marg,0.7466028811554073,0.71119496613956,0.7820107961712546,5,0.7407421643207559,0.6831670042464144,0.7983173243950974,0.8031190509260447,0.7652460533965999,0.8409920484554896,-0.00586071683465148,-0.07886908525761209,0.06714765158830914,0.056516169770637635,0.0035264942101420685,0.1095058453311332
0.03,group,cec,qrf:chained,0.7466028811554073,0.71119496613956,0.7820107961712546,5,0.4676401674301487,0.40648892788211116,0.5287914069781863,0.6116881371732116,0.546768162457064,0.6766081118893591,-0.2789627137252586,-0.34493516182881045,-0.21299026562170675,-0.13491474398219575,-0.207230280589986,-0.06259920737440548
0.03,group,cec,qrf:clip,0.7466028811554073,0.71119496613956,0.7820107961712546,5,0.30033158297556445,0.25972611457670675,0.34093705137442215,0.3362947711440173,0.22141639896993892,0.45117314331809566,-0.4462712981798429,-0.5150942826086502,-0.37744831375103555,-0.41030811001139006,-0.5598611665679717,-0.2607550534548084
0.03,group,cec,qrf:free,0.7466028811554073,0.71119496613956,0.7820107961712546,5,0.0052984089797265465,-0.01529977089849966,0.025896588857952756,0.03456034020773123,-0.07538686805562811,0.14450754847109057,-0.7413044721756806,-0.787145834632859,-0.6954631097185022,-0.712042540947676,-0.8412211295520102,-0.5828639523433419
0.03,group,cec,qrf:structured,0.7466028811554073,0.71119496613956,0.7820107961712546,5,0.6534787732046635,0.6057303983644284,0.7012271480448986,0.6848793578111712,0.6126842261822585,0.7570744894400838,-0.0931241079507437,-0.1440487117667231,-0.0421995041347643,-0.06172352334423622,-0.14143515395868117,0.017988107270208727
0.03,group,cec,qrf:structured_og,0.7466028811554073,0.71119496613956,0.7820107961712546,5,0.6689728341782665,0.6223442494418833,0.7156014189146497,0.673464211213535,0.5879235320455234,0.7590048903815465,-0.07763004697714077,-0.1289636114213433,-0.026296482532938238,-0.07313866994187226,-0.16802764914718815,0.021750309263443623
0.03,group,cec,qrf:structured_ya,0.7466028811554073,0.71119496613956,0.7820107961712546,5,0.6579100562622806,0.6095127514918813,0.7063073610326799,0.7040667342852459,0.647351238770681,0.7607822297998108,-0.0886928248931266,-0.14430642317141468,-0.033079226614838524,-0.04253614687016138,-0.10987403623357017,0.024801742493247424
0.03,group,n,ptf,0.8597146073084774,0.8303654637354251,0.8890637508815297,5,0.9989853845448635,0.998053590359401,0.999917178730326,0.9998979856678918,0.9998415219615028,0.9999544493742808,0.1392707772363861,0.1094380466255559,0.16910350784721628,0.14018337835941444,0.1108245817582698,0.1695421749605591
0.03,group,n,ptf_marg,0.8597146073084774,0.8303654637354251,0.8890637508815297,5,0.9040719983172234,0.875276923455618,0.9328670731788288,0.989272269318246,0.9853045983492537,0.9932399402872383,0.04435739100874617,-0.004598861650234362,0.09331364366772671,0.1295576620097686,0.09834735535406164,0.16076796866547555
0.03,group,n,qrf:chained,0.8597146073084774,0.8303654637354251,0.8890637508815297,5,0.5705478883572775,0.5202402466781606,0.6208555300363945,0.8297725849975042,0.7620898508056158,0.8974553191893926,-0.28916671895119983,-0.34229862835164415,-0.23603480955075554,-0.029942022310973305,-0.11532366144803155,0.05543961682608495
0.03,group,n,qrf:clip,0.8597146073084774,0.8303654637354251,0.8890637508815297,5,0.37866276477155386,0.3200320148331303,0.4372935147099774,0.6382930014256415,0.5487598376675197,0.7278261651837633,-0.4810518425369235,-0.5366057372081791,-0.4254979478656679,-0.22142160588283594,-0.30420796644956494,-0.13863524531610696
0.03,group,n,qrf:free,0.8597146073084774,0.8303654637354251,0.8890637508815297,5,0.16063989561825381,0.09388414956593594,0.2273956416705717,0.4645930493872695,0.32139907215887376,0.6077870266156652,-0.6990747116902235,-0.7466005045487655,-0.6515489188316815,-0.39512155792120796,-0.5202723064806463,-0.2699708093617696
0.03,group,n,qrf:structured,0.8597146073084774,0.8303654637354251,0.8890637508815297,5,0.8714495190255175,0.8477662323803378,0.8951328056706972,0.9231067689113666,0.8844084911610899,0.9618050466616432,0.011734911717040056,-0.03331127253926017,0.05678109597334029,0.06339216160288921,0.001976709559457737,0.12480761364632069
0.03,group,n,qrf:structured_ya,0.8597146073084774,0.8303654637354251,0.8890637508815297,5,0.8713400191844523,0.8454449862628639,0.8972350521060406,0.935718711544345,0.9105089801199088,0.9609284429687813,0.011625411875974864,-0.034671583259346106,0.057922407011295834,0.0760041042358676,0.02304510465115677,0.12896310382057843
0.03,random,cec,ptf,0.7466028811554073,0.71119496613956,0.7820107961712546,5,0.8702042145575237,0.8384033434517053,0.9020050856633421,0.8427241061966635,0.8058188056904771,0.8796294067028498,0.12360133340211658,0.10718933058023333,0.14001333622399983,0.09612122504125623,0.07927186675506878,0.11297058332744367
0.03,random,cec,ptf_marg,0.7466028811554073,0.71119496613956,0.7820107961712546,5,0.7322996793934389,0.7047086232917561,0.7598907354951216,0.8070469741970886,0.7696045724765046,0.8444893759176726,-0.01430320176196837,-0.04638479362361226,0.017778390099675516,0.06044409304168126,0.04567616652073783,0.07521201956262469
0.03,random,cec,qrf:chained,0.7466028811554073,0.71119496613956,0.7820107961712546,5,0.5752599316422331,0.536756548492229,0.6137633147922372,0.6631570167349419,0.5790872812529313,0.7472267522169525,-0.17134294951317414,-0.21128799569484935,-0.13139790333149892,-0.08344586442046545,-0.17886880658565668,0.011977077744725798
0.03,random,cec,qrf:clip,0.7466028811554073,0.71119496613956,0.7820107961712546,5,0.344864553957083,0.3076016530596479,0.3821274548545181,0.5852092988400466,0.5232563828663155,0.6471622148137777,-0.40173832719832425,-0.46342875748711165,-0.34004789690953685,-0.16139358231536077,-0.23253084575729382,-0.09025631887342771
0.03,random,cec,qrf:free,0.7466028811554073,0.71119496613956,0.7820107961712546,5,0.0674336742907505,0.03586350334946868,0.09900384523203233,0.40549403208029383,0.2912747859910224,0.5197132781695653,-0.6791692068646568,-0.7170549178977593,-0.6412834958315542,-0.34110884907511346,-0.4421209730717853,-0.24009672507844165
0.03,random,cec,qrf:structured,0.7466028811554073,0.71119496613956,0.7820107961712546,5,0.7167335331077662,0.690533724884549,0.7429333413309834,0.7204910923201447,0.6703578900566943,0.7706242945835952,-0.029869348047640947,-0.05703365410482576,-0.0027050419904561286,-0.026111788835262516,-0.09430929583415518,0.04208571816363015
0.03,random,cec,qrf:structured_og,0.7466028811554073,0.71119496613956,0.7820107961712546,5,0.7187588815491768,0.6911540012186022,0.7463637618797514,0.7187588275715054,0.6698243667780232,0.7676932883649877,-0.027843999606230498,-0.058024266149677664,0.0023362669372166724,-0.027844053583901723,-0.09509644129432424,0.03940833412652078
0.03,random,cec,qrf:structured_ya,0.7466028811554073,0.71119496613956,0.7820107961712546,5,0.7205131228108335,0.6946260060963334,0.7464002395253335,0.7237795055526752,0.6737064696699216,0.7738525414354288,-0.026089758344573822,-0.05401957535206818,0.001840058662920533,-0.022823375602732,-0.09167082633413225,0.046024075128668254
0.03,random,n,ptf,0.8597146073084774,0.8303654637354251,0.8890637508815297,5,0.9980640355762194,0.9945294622489325,1.0015986089035063,0.9998559585797778,0.9997018996040676,1.000010017555488,0.13834942826774194,0.10920901715305215,0.16748983938243173,0.14014135127130045,0.11077444773845097,0.16950825480414994
0.03,random,n,ptf_marg,0.8597146073084774,0.8303654637354251,0.8890637508815297,5,0.8850772697508402,0.8697686327178878,0.9003859067837926,0.9876884812127562,0.9853170046722014,0.990059957753311,0.025362662442362877,-0.0153220836851636,0.06604740856988936,0.1279738739042789,0.09644595375412796,0.15950179405442982
0.03,random,n,qrf:chained,0.8597146073084774,0.8303654637354251,0.8890637508815297,5,0.6708273468682381,0.6438565011570548,0.6977981925794213,0.8856020544203466,0.8551306036172972,0.9160735052233959,-0.1888872604402393,-0.20203752958289545,-0.17573699129758313,0.025887447111869123,0.009429479744183893,0.04234541447955435
0.03,random,n,qrf:clip,0.8597146073084774,0.8303654637354251,0.8890637508815297,5,0.4387271728858244,0.41096721947252174,0.4664871262991271,0.8036670374023404,0.7758125104691496,0.8315215643355311,-0.4209874344226529,-0.4591977893046599,-0.38277707954064594,-0.056047569906137,-0.07161406897749903,-0.040481070834774965
0.03,random,n,qrf:free,0.8597146073084774,0.8303654637354251,0.8890637508815297,5,0.26048701812987973,0.24245236976191561,0.2785216664978439,0.7418568103862035,0.702871496698607,0.7808421240738,-0.5992275891785976,-0.6317544237338278,-0.5667007546233674,-0.11785779692227397,-0.13369409792504777,-0.10202149591950016
0.03,random,n,qrf:structured,0.8597146073084774,0.8303654637354251,0.8890637508815297,5,0.8689757984114651,0.8457724685972025,0.8921791282257278,0.8928761811425645,0.8570689205178897,0.9286834417672393,0.009261191102987731,-0.01860272659725006,0.03712510880322552,0.033161573834087126,-0.007443150748322441,0.07376629841649669
0.03,random,n,qrf:structured_ya,0.8597146073084774,0.8303654637354251,0.8890637508815297,5,0.8629642285207364,0.8373507973272258,0.888577659714247,0.9086115555250889,0.8795147613248901,0.9377083497252876,0.00324962121225909,-0.025403396727735443,0.03190263915225362,0.04889694821661141,0.01863709647764772,0.0791567999555751
0.1,group,cec,ptf,0.7466028811554073,0.71119496613956,0.7820107961712546,5,0.8684044560690195,0.836916424521915,0.8998924876161241,0.8415685146186961,0.8065699446825304,0.8765670845548618,0.12180157491361224,0.10233136070532692,0.14127178912189756,0.09496563346328887,0.07807776209914269,0.11185350482743506
0.1,group,cec,ptf_marg,0.7466028811554073,0.71119496613956,0.7820107961712546,5,0.7290451856801212,0.6960617543281882,0.7620286170320543,0.8068066234220372,0.7753940094676751,0.8382192373763994,-0.017557695475286024,-0.06525376207403989,0.030138371123467844,0.06020374226663011,0.04299117358933177,0.07741631094392845
0.1,group,cec,qrf:chained,0.7466028811554073,0.71119496613956,0.7820107961712546,5,0.5747544733327674,0.5103049930393478,0.639203953626187,0.62703577423926,0.5261642254944217,0.7279073229840984,-0.17184840782263983,-0.2628905446137128,-0.08080627103156686,-0.11956710691614729,-0.24730354693746287,0.008169333105168305
0.1,group,cec,qrf:clip,0.7466028811554073,0.71119496613956,0.7820107961712546,5,0.31628624488444024,0.28430991305801906,0.3482625767108614,0.4100387101594604,0.3119140012282622,0.5081634190906587,-0.43031663627096706,-0.49477813633744266,-0.36585513620449145,-0.33656417099594677,-0.46451222086913196,-0.20861612112276157
0.1,group,cec,qrf:free,0.7466028811554073,0.71119496613956,0.7820107961712546,5,0.031321444066035944,0.014048409092879792,0.0485944790391921,0.18525384732931816,0.11759830131044495,0.25290939334819135,-0.7152814370893714,-0.763992424240104,-0.6665704499386388,-0.561349033826089,-0.6460218339785659,-0.4766762336736121
0.1,group,cec,qrf:structured,0.7466028811554073,0.71119496613956,0.7820107961712546,5,0.6765936477680033,0.6434723255782022,0.7097149699578045,0.6636932669737822,0.592615734272094,0.7347707996754703,-0.07000923338740388,-0.12574167711551085,-0.014276789659296914,-0.08290961418162508,-0.1794577267993414,0.013638498436091231
0.1,group,cec,qrf:structured_og,0.7466028811554073,0.71119496613956,0.7820107961712546,5,0.6803124357588908,0.6475283263769556,0.713096545140826,0.6617655910970291,0.5906956387037265,0.7328355434903318,-0.06629044539651649,-0.12016620667775466,-0.01241468411527833,-0.0848372900583781,-0.1820377112631585,0.012363131146402306
0.1,group,cec,qrf:structured_ya,0.7466028811554073,0.71119496613956,0.7820107961712546,5,0.6862613981143173,0.6488184513452516,0.723704344883383,0.6756626269317638,0.606287448259057,0.7450378056044706,-0.060341483041089994,-0.12029667043079405,-0.00038629565138594,-0.07094025422364354,-0.16506972671358597,0.023189218266298883
0.1,group,n,ptf,0.8597146073084774,0.8303654637354251,0.8890637508815297,5,0.9988577744234037,0.9980305326741948,0.9996850161726126,0.999905177633002,0.9998636011278964,0.9999467541381076,0.1391431671149264,0.1090364359053074,0.16924989832454543,0.1401905703245246,0.11080335066286127,0.1695777899861879
0.1,group,n,ptf_marg,0.8597146073084774,0.8303654637354251,0.8890637508815297,5,0.8964093883402185,0.8726421957837981,0.920176580896639,0.9885461682220698,0.9850825537122128,0.9920097827319267,0.03669478103174113,-0.012670234889682164,0.08605979695316443,0.12883156091359246,0.09663489627693225,0.16102822555025267
0.1,group,n,qrf:chained,0.8597146073084774,0.8303654637354251,0.8890637508815297,5,0.6971410100533424,0.638330948500924,0.7559510716057608,0.880350806887068,0.8433484892742849,0.9173531244998512,-0.16257359725513498,-0.22550960093235564,-0.09963759357791432,0.02063619957859078,-0.029959593717772966,0.07123199287495452
0.1,group,n,qrf:clip,0.8597146073084774,0.8303654637354251,0.8890637508815297,5,0.4022264353947603,0.33885665391411646,0.4655962168754041,0.6981584655666594,0.6098461242857763,0.7864708068475424,-0.45748817191371705,-0.5199955413151951,-0.394980802512239,-0.16155614174181804,-0.2385979091660914,-0.08451437431754469
0.1,group,n,qrf:free,0.8597146073084774,0.8303654637354251,0.8890637508815297,5,0.20135519992298373,0.13349066163710474,0.2692197382088627,0.5746724875784139,0.42761212245634556,0.7217328527004823,-0.6583594073854937,-0.726704884781702,-0.5900139299892854,-0.2850421197300633,-0.4200375408580061,-0.15004669860212055
0.1,group,n,qrf:structured,0.8597146073084774,0.8303654637354251,0.8890637508815297,5,0.8727430007392396,0.852528455812355,0.8929575456661242,0.9009720053489811,0.8570654770458217,0.9448785336521406,0.013028393430762217,-0.028508575565634006,0.05456536242715844,0.04125739804050371,-0.024371330809427355,0.10688612689043478
0.1,group,n,qrf:structured_ya,0.8597146073084774,0.8303654637354251,0.8890637508815297,5,0.8731703814556031,0.8504218873729166,0.8959188755382896,0.9157215846663347,0.8772687424129523,0.9541744269197171,0.013455774147125643,-0.031334108082878294,0.05824565637712958,0.05600697735785729,-0.0009885055130913131,0.11300246022880589
0.1,random,cec,ptf,0.7466028811554073,0.71119496613956,0.7820107961712546,5,0.869409848026887,0.8360199128131068,0.9027997832406672,0.8425014177709038,0.8063521148281648,0.8786507207136428,0.12280696687147981,0.10783586307052245,0.13777807067243716,0.09589853661549633,0.08060431362107566,0.111192759609917
0.1,random,cec,ptf_marg,0.7466028811554073,0.71119496613956,0.7820107961712546,5,0.7301222314289211,0.7057946449462379,0.7544498179116043,0.8066972053773707,0.7718376488047527,0.8415567619499886,-0.016480649726486184,-0.045958977488961134,0.01299767803598877,0.06009432422196359,0.048528653195089325,0.07165999524883786
0.1,random,cec,qrf:chained,0.7466028811554073,0.71119496613956,0.7820107961712546,5,0.638652916278154,0.606435618197842,0.670870214358466,0.6641179901832966,0.5947562335041081,0.7334797468624852,-0.1079499648772532,-0.14586336243524425,-0.07003656731926214,-0.08248489097211062,-0.16467506691836942,-0.0002947150258518355
0.1,random,cec,qrf:clip,0.7466028811554073,0.71119496613956,0.7820107961712546,5,0.3738264351950588,0.3308090416552477,0.4168438287348699,0.6214120455734595,0.565015630211229,0.67780846093569,-0.3727764459603484,-0.44361180964144115,-0.3019410822792557,-0.12519083558194782,-0.20211290533902937,-0.04826876582486628
0.1,random,cec,qrf:free,0.7466028811554073,0.71119496613956,0.7820107961712546,5,0.09763816140370354,0.06819799801810358,0.1270783247893035,0.4855316279439024,0.4011670336481411,0.5698962222396637,-0.6489647197517038,-0.6977531826394069,-0.6001762568640007,-0.26107125321150493,-0.3488513619320679,-0.17329114449094193
0.1,random,cec,qrf:structured,0.7466028811554073,0.71119496613956,0.7820107961712546,5,0.725203933300527,0.6999005276776017,0.7505073389234523,0.713288994088617,0.6649666691849773,0.7616113189922568,-0.02139894785488023,-0.05398724281200486,0.011189347102244396,-0.03331388706679021,-0.09946123657030637,0.03283346243672594
0.1,random,cec,qrf:structured_og,0.7466028811554073,0.71119496613956,0.7820107961712546,5,0.7258422580044315,0.6997894303798212,0.7518950856290417,0.7124236717151915,0.6649867612543366,0.7598605821760464,-0.020760623150975804,-0.05388520698630064,0.012363960684349033,-0.034179209440215824,-0.09945008566383028,0.031091666783398628
0.1,random,cec,qrf:structured_ya,0.7466028811554073,0.71119496613956,0.7820107961712546,5,0.7310318186145348,0.7022504376371576,0.7598131995919121,0.7099201420708355,0.6591314847922384,0.7607087993494327,-0.0155710625408725,-0.04807528089067667,0.016933155808931673,-0.03668273908457174,-0.10632906557047608,0.0329635874013326
0.1,random,n,ptf,0.8597146073084774,0.8303654637354251,0.8890637508815297,5,0.9985928304996087,0.9976867592865136,0.9994989017127037,0.9998836535141515,0.9998210624549437,0.9999462445733593,0.13887822319113124,0.10870227059092907,0.16905417579133342,0.1401690462056742,0.11076629855416963,0.16957179385717874
0.1,random,n,ptf_marg,0.8597146073084774,0.8303654637354251,0.8890637508815297,5,0.8868805741959747,0.869747509248119,0.9040136391438303,0.9876142501501721,0.9850231049625342,0.99020539533781,0.027165966887497207,-0.018883178096197648,0.07321511187119206,0.1278996428416948,0.0959904590278551,0.15980882665553453
0.1,random,n,qrf:chained,0.8597146073084774,0.8303654637354251,0.8890637508815297,5,0.7324555822305436,0.6994180346801698,0.7654931297809174,0.8766201724198007,0.8588517537548006,0.8943885910848008,-0.1272590250779338,-0.15970570299218032,-0.09481234716368728,0.016905565111323288,-0.01274315688291175,0.046554287105558326
0.1,random,n,qrf:clip,0.8597146073084774,0.8303654637354251,0.8890637508815297,5,0.4504878638535167,0.41120856102889597,0.4897671666781374,0.8010759724344689,0.7652303876442875,0.8369215572246503,-0.40922674345496074,-0.45637993085552964,-0.36207355605439184,-0.05863863487400839,-0.0887724736579529,-0.028504796090063872
0.1,random,n,qrf:free,0.8597146073084774,0.8303654637354251,0.8890637508815297,5,0.28669729653501247,0.24925619988643002,0.32413839318359494,0.7500661212887682,0.7010695749428559,0.7990626676346804,-0.573017310773465,-0.6190501874007585,-0.5269844341461715,-0.10964848601970918,-0.1461483585209588,-0.07314861351845957
0.1,random,n,qrf:structured,0.8597146073084774,0.8303654637354251,0.8890637508815297,5,0.8700505899783859,0.8577265818911891,0.8823745980655827,0.8807183171135471,0.8638277964127276,0.8976088378143666,0.010335982669908518,-0.012904351798265067,0.0335763171380821,0.021003709805069826,-0.005645682482181939,0.04765310209232159
0.1,random,n,qrf:structured_ya,0.8597146073084774,0.8303654637354251,0.8890637508815297,5,0.8642191474573361,0.8531219181070985,0.8753163768075737,0.8940259550230838,0.8807005223778914,0.9073513876682762,0.004504540148858653,-0.018811142216672253,0.027820222514389557,0.03431134771460648,0.01082407911074304,0.057798616318469914
0.3,group,cec,ptf,0.7466028811554073,0.71119496613956,0.7820107961712546,5,0.8685133388006419,0.8411711324589909,0.8958555451422928,0.8409414769796049,0.8115924209076958,0.8702905330515139,0.12191045764523453,0.1077256064464752,0.13609530884399385,0.09433859582419758,0.08426776396505134,0.10440942768334383
0.3,group,cec,ptf_marg,0.7466028811554073,0.71119496613956,0.7820107961712546,5,0.7338491808310004,0.7093305241655099,0.7583678374964908,0.8076722523499642,0.7754382577718788,0.8399062469280496,-0.01275370032440699,-0.03719645537404859,0.011689054725234606,0.061069371194556854,0.0566394991317297,0.065499243257384
0.3,group,cec,qrf:chained,0.7466028811554073,0.71119496613956,0.7820107961712546,5,0.652010874489425,0.6169776518767326,0.6870440971021173,0.6449377163776456,0.5756211501156427,0.7142542826396485,-0.09459200666598236,-0.13746295885365498,-0.05172105447830974,-0.10166516477776164,-0.18772824308988256,-0.015602086465640694
0.3,group,cec,qrf:clip,0.7466028811554073,0.71119496613956,0.7820107961712546,5,0.3694013432097878,0.3287232878106609,0.4100793986089147,0.5680986298078449,0.5130401854338026,0.6231570741818871,-0.3772015379456195,-0.4456138072919896,-0.3087892685992494,-0.17850425134756237,-0.24694709920545166,-0.11006140348967307
0.3,group,cec,qrf:free,0.7466028811554073,0.71119496613956,0.7820107961712546,5,0.08098305425192671,0.061042983867480693,0.10092312463637274,0.40616902008474665,0.32129957218671507,0.4910384679827782,-0.6656198269034805,-0.706206841706785,-0.625032812100176,-0.34043386107066065,-0.4156489869404593,-0.265218735200862
0.3,group,cec,qrf:structured,0.7466028811554073,0.71119496613956,0.7820107961712546,5,0.7097581441388543,0.6736684941943208,0.7458477940833877,0.6780640481805782,0.6114629358720762,0.7446651604890802,-0.036844737016553,-0.07877567268156811,0.0050861986484621174,-0.06853883297482903,-0.15075137645775816,0.013673710508100095
0.3,group,cec,qrf:structured_og,0.7466028811554073,0.71119496613956,0.7820107961712546,5,0.7116291596960094,0.6738544425693817,0.7494038768226371,0.6773532927871673,0.6105266257450341,0.7441799598293004,-0.03497372145939798,-0.07790271599322698,0.00795527307443103,-0.06924958836824006,-0.15109992101273945,0.012600744276259332
0.3,group,cec,qrf:structured_ya,0.7466028811554073,0.71119496613956,0.7820107961712546,5,0.7189774277663697,0.6825485417583095,0.75540631377443,0.682241771765773,0.6169529290398209,0.7475306144917252,-0.027625453389037512,-0.07026929117388851,0.015018384395813489,-0.06436110938963426,-0.14708699580255502,0.018364777023286524
0.3,group,n,ptf,0.8597146073084774,0.8303654637354251,0.8890637508815297,5,0.9977821541825055,0.9966352062855316,0.9989291020794794,0.9998761548897894,0.9998317978735596,0.9999205119060193,0.1380675468740281,0.10825820658932321,0.167876887158733,0.14016154758131213,0.11079221171282601,0.16953088344979825
0.3,group,n,ptf_marg,0.8597146073084774,0.8303654637354251,0.8890637508815297,5,0.890437093050882,0.8723938832947595,0.9084803028070045,0.9879094434628094,0.985231355886974,0.9905875310386448,0.030722485742404614,-0.014440257375898758,0.07588522886070799,0.12819483615433208,0.09643764281711945,0.15995202949154472
0.3,group,n,qrf:chained,0.8597146073084774,0.8303654637354251,0.8890637508815297,5,0.7505018654826059,0.6950268828927922,0.8059768480724195,0.8720957918719465,0.8221440660329614,0.9220475177109316,-0.1092127418258714,-0.16685930780416036,-0.05156617584758245,0.01238118456346907,-0.03549637616146163,0.06025874528839978
0.3,group,n,qrf:clip,0.8597146073084774,0.8303654637354251,0.8890637508815297,5,0.44240729913946025,0.39120142781175804,0.49361317046716247,0.7644049410066593,0.6836358618040212,0.8451740202092974,-0.41730730816901723,-0.4759650252090294,-0.3586495911290051,-0.09530966630181788,-0.16982284187998042,-0.020796490723655345
0.3,group,n,qrf:free,0.8597146073084774,0.8303654637354251,0.8890637508815297,5,0.27767133577254494,0.21703508852312067,0.3383075830219692,0.6998413546530609,0.5871094175382559,0.8125732917678659,-0.5820432715359325,-0.6508960028035118,-0.5131905402683532,-0.15987325265541666,-0.26533446063607363,-0.0544120446747597
0.3,group,n,qrf:structured,0.8597146073084774,0.8303654637354251,0.8890637508815297,5,0.875662439068152,0.8701238188356375,0.8812010593006665,0.8869819836987123,0.8752271558892305,0.8987368115081941,0.01594783175967445,-0.008929618287604246,0.04082528180695315,0.027267376390234892,-0.0017202279893307922,0.05625498076980058
0.3,group,n,qrf:structured_ya,0.8597146073084774,0.8303654637354251,0.8890637508815297,5,0.870826754453919,0.8647091974231812,0.8769443114846568,0.8981791923407763,0.8873626244011965,0.908995760280356,0.011112147145441635,-0.012997238669269435,0.03522153296015271,0.03846458503229892,0.017635974391435237,0.05929319567316261
0.3,random,cec,ptf,0.7466028811554073,0.71119496613956,0.7820107961712546,5,0.8692259405631774,0.8367039707945304,0.9017479103318243,0.8425646781028651,0.8082389896611304,0.8768903665445997,0.12262305940777023,0.10866035428735912,0.13658576452818133,0.0959617969474578,0.08291877616503922,0.10900481772987637
0.3,random,cec,ptf_marg,0.7466028811554073,0.71119496613956,0.7820107961712546,5,0.735417683159572,0.7075754959131538,0.7632598704059902,0.8095996166099614,0.7750830985989083,0.8441161346210144,-0.011185197995835335,-0.03967945180372537,0.0173090558120547,0.06299673545455403,0.05250574968635145,0.07348772122275661
0.3,random,cec,qrf:chained,0.7466028811554073,0.71119496613956,0.7820107961712546,5,0.6783748035955368,0.6382033919962588,0.7185462151948149,0.6741848654623431,0.6066414047063655,0.7417283262183207,-0.0682280775598705,-0.10786653172141634,-0.028589623398324646,-0.07241801569306416,-0.15355983331530507,0.008723801929176739
0.3,random,cec,qrf:clip,0.7466028811554073,0.71119496613956,0.7820107961712546,5,0.3872549947186575,0.349621121744711,0.424888867692604,0.647502993559688,0.6152492877620542,0.6797566993573217,-0.3593478864367498,-0.4263100863659748,-0.29238568650752483,-0.09909988759571926,-0.15227991677244318,-0.045919858418995346
0.3,random,cec,qrf:free,0.7466028811554073,0.71119496613956,0.7820107961712546,5,0.11666724473915635,0.09359923588568032,0.1397352535926324,0.5456673067210323,0.48986156220622845,0.601473051235836,-0.6299356364162509,-0.6766546907176163,-0.5832165821148856,-0.20093557443437488,-0.2653793247265926,-0.13649182414215716
0.3,random,cec,qrf:structured,0.7466028811554073,0.71119496613956,0.7820107961712546,5,0.7332993701767532,0.7027966447468023,0.7638020956067041,0.7147369267253008,0.6716799087044408,0.7577939447461607,-0.013303510978654084,-0.04288042867660798,0.01627340671929981,-0.031865954430106494,-0.09077213829241998,0.02704022943220699
0.3,random,cec,qrf:structured_og,0.7466028811554073,0.71119496613956,0.7820107961712546,5,0.7335815515431321,0.7019844788939128,0.7651786241923514,0.7142015409961234,0.6711992493454506,0.7572038326467962,-0.01302132961227517,-0.043143123337437264,0.01710046411288692,-0.032401340159283844,-0.09089605671370103,0.026093376395133344
0.3,random,cec,qrf:structured_ya,0.7466028811554073,0.71119496613956,0.7820107961712546,5,0.7392494460438991,0.7057557319442246,0.7727431601435736,0.709414097999823,0.6587724655946341,0.760055730405012,-0.007353435111508158,-0.03965077999508388,0.024943909772067566,-0.03718878315558425,-0.10557171985668193,0.03119415354551342
0.3,random,n,ptf,0.8597146073084774,0.8303654637354251,0.8890637508815297,5,0.9975042572726801,0.9956023089996787,0.9994062055456815,0.9998323434055756,0.9997324079403862,0.999932278870765,0.13778964996420273,0.10747636466590976,0.1681029352624957,0.14011773609709827,0.11070092186684091,0.16953455032735562
0.3,random,n,ptf_marg,0.8597146073084774,0.8303654637354251,0.8890637508815297,5,0.8855910643259769,0.870953075799265,0.9002290528526888,0.9876095985805013,0.9851828242879234,0.9900363728730793,0.025876457017499542,-0.01778965926942918,0.06954257330442826,0.12789499127202403,0.09615263240284669,0.15963735014120137
0.3,random,n,qrf:chained,0.8597146073084774,0.8303654637354251,0.8890637508815297,5,0.7659857699247814,0.7295704177039997,0.8024011221455631,0.8745992281034554,0.8461202443940677,0.903078211812843,-0.09372883738369597,-0.13039603152909307,-0.05706164323829887,0.014884620794977915,-0.005359407583615385,0.03512864917357121
0.3,random,n,qrf:clip,0.8597146073084774,0.8303654637354251,0.8890637508815297,5,0.4555397703729328,0.4149998434169341,0.49607969732893153,0.8123467819424832,0.7748650400115128,0.8498285238734536,-0.4041748369355447,-0.4544071158773667,-0.35394255799372265,-0.047367825365994196,-0.07026671189659862,-0.024468938835389767
0.3,random,n,qrf:free,0.8597146073084774,0.8303654637354251,0.8890637508815297,5,0.29563712142739135,0.2542661932054386,0.3370080496493441,0.7663841233071091,0.7203519113650052,0.8124163352492131,-0.5640774858810861,-0.6175693953862418,-0.5105855763759304,-0.09333048400136824,-0.12307733806387043,-0.06358362993886606
0.3,random,n,qrf:structured,0.8597146073084774,0.8303654637354251,0.8890637508815297,5,0.8659735952589518,0.8521520819092748,0.8797951086086288,0.8609870326930394,0.8331221573045418,0.8888519080815371,0.0062589879504743266,-0.012466835974860776,0.024984811875809428,0.0012724253845620777,-0.010755635135494712,0.013300485904618867
0.3,random,n,qrf:structured_ya,0.8597146073084774,0.8303654637354251,0.8890637508815297,5,0.8599126375041248,0.8444558096017956,0.8753694654064541,0.8782879721659403,0.8512140853083832,0.9053618590234975,0.00019803019564729532,-0.018093622719521436,0.018489683110816026,0.01857336485746291,0.008263419317707013,0.02888331039721881
1.0,all,cec,ptf,0.7466028811554073,0.71119496613956,0.7820107961712546,5,0.8679032788574187,0.8347843826400113,0.9010221750748261,0.8420992414563445,0.8065050534641561,0.8776934294485329,0.12130039770201147,0.10619744606452527,0.13640334933949766,0.09549636030093726,0.08191143313293162,0.10908128746894291
1.0,all,cec,ptf_marg,0.7466028811554073,0.71119496613956,0.7820107961712546,5,0.7350037922918957,0.7090812490722694,0.760926335511522,0.8080256808098187,0.7716927172613108,0.8443586443583266,-0.011599088863511487,-0.0384957525785855,0.015297574851562528,0.061422799654411574,0.051042761456017396,0.07180283785280575
1.0,all,cec,qrf:chained,0.7466028811554073,0.71119496613956,0.7820107961712546,5,0.7018732430131834,0.6674645902706349,0.736281895755732,0.667833801640462,0.6118635013699446,0.7238041019109794,-0.04472963814222386,-0.07728745265953238,-0.012171823624915347,-0.07876907951494523,-0.1500355489192587,-0.007502610110631774
1.0,all,cec,qrf:clip,0.7466028811554073,0.71119496613956,0.7820107961712546,5,0.4014173380286266,0.36734700403255827,0.43548767202469496,0.6700828520270107,0.6369935740053662,0.7031721300486552,-0.3451855431267806,-0.4076366759210554,-0.28273441033250585,-0.07652002912839657,-0.12116515816008282,-0.03187490009671033
1.0,all,cec,qrf:free,0.7466028811554073,0.71119496613956,0.7820107961712546,5,0.1354754854923659,0.11501239736277771,0.1559385736219541,0.5900315977684676,0.5345444477720948,0.6455187477648404,-0.6111273956630414,-0.6554308403773623,-0.5668239509487205,-0.1565712833869396,-0.21438386772468465,-0.09875869904919453
1.0,all,cec,qrf:structured,0.7466028811554073,0.71119496613956,0.7820107961712546,5,0.734608129545784,0.7027640094881226,0.7664522496034455,0.7084284747118552,0.6618838489952462,0.7549731004284642,-0.0119947516096232,-0.04104086019896717,0.017051356979720766,-0.03817440644355217,-0.09872704034670568,0.02237822745960135
1.0,all,cec,qrf:structured_og,0.7466028811554073,0.71119496613956,0.7820107961712546,5,0.7344013209857392,0.701149562091397,0.7676530798800814,0.7079618998319059,0.6621532251057552,0.7537705745580566,-0.012201560169668158,-0.041782857737165786,0.01737973739782947,-0.038640981323501335,-0.0988796001213253,0.021597637474322633
1.0,all,cec,qrf:structured_ya,0.7466028811554073,0.71119496613956,0.7820107961712546,5,0.7421147043153599,0.7078172863807785,0.7764121222499413,0.6996310259384311,0.6477600745914184,0.7515019772854438,-0.004488176840047542,-0.03381733753965746,0.02484098385956238,-0.0469718552169762,-0.11440864460947381,0.0204649341755214
1.0,all,n,ptf,0.8597146073084774,0.8303654637354251,0.8890637508815297,5,0.9975957109359637,0.9968000110675147,0.9983914108044126,0.9998418279025547,0.9997990297173955,0.9998846260877139,0.13788110362748632,0.10804861348036049,0.16771359377461215,0.14012722059407717,0.11073635741381915,0.1695180837743352
1.0,all,n,ptf_marg,0.8597146073084774,0.8303654637354251,0.8890637508815297,5,0.8856254907825424,0.8715132984732128,0.899737683091872,0.9876653099471735,0.9853171656046839,0.9900134542896631,0.02591088347406496,-0.01666881147807595,0.06849057842620587,0.12795070263869607,0.09627915128772957,0.15962225398966257
1.0,all,n,qrf:chained,0.8597146073084774,0.8303654637354251,0.8890637508815297,5,0.8044951736493164,0.776424162018649,0.8325661852799839,0.8668449124788749,0.8315513349399807,0.902138490017769,-0.05521943365916102,-0.0759621613339177,-0.03447670598440434,0.007130305170397611,-0.018208812636456406,0.032469422977251625
1.0,all,n,qrf:clip,0.8597146073084774,0.8303654637354251,0.8890637508815297,5,0.47182700322404136,0.4373838024903046,0.5062702039577781,0.8254448954672045,0.7927986117470549,0.858091179187354,-0.38788760408443607,-0.4340814295842297,-0.34169377858464245,-0.03426971184127305,-0.056278528470085014,-0.012260895212461091
1.0,all,n,qrf:free,0.8597146073084774,0.8303654637354251,0.8890637508815297,5,0.3224115235966199,0.2918089947298714,0.3530140524633684,0.7882743446611145,0.7483909083002495,0.8281577810219795,-0.5373030837118574,-0.5835687367812046,-0.49103743064251026,-0.07144026264736303,-0.09514050124124535,-0.04774002405348071
1.0,all,n,qrf:structured,0.8597146073084774,0.8303654637354251,0.8890637508815297,5,0.8639989755774256,0.8442789896062153,0.8837189615486358,0.8491569835045876,0.8117825399137434,0.8865314270954318,0.004284368268948091,-0.012272944170667125,0.020841680708563307,-0.010557623803889693,-0.030948197540178416,0.00983294993239903
1.0,all,n,qrf:structured_ya,0.8597146073084774,0.8303654637354251,0.8890637508815297,5,0.8577651416708679,0.8349137125516226,0.8806165707901132,0.8647335441030727,0.8271753983548678,0.9022916898512776,-0.0019494656376093822,-0.0194054674716093,0.015506536196390534,0.005018936794595241,-0.01697530618536552,0.027013179774556004
