level,scheme,target,ptf,ptf_marg,qrf:chained,qrf:clip,qrf:free,qrf:oracle_ya,qrf:structured,qrf:structured_og,qrf:structured_ya,tabicl:chained,tabicl:clip,tabicl:free,tabicl:oracle_ya,tabicl:structured,tabicl:structured_og,tabicl:structured_ya,tabicl_ft:chained,tabicl_ft:clip,tabicl_ft:free,tabicl_ft:oracle_ya,tabicl_ft:structured,tabicl_ft:structured_og,tabicl_ft:structured_ya,tabm:chained,tabm:clip,tabm:free,tabm:oracle_ya,tabm:structured,tabm:structured_og,tabm:structured_ya
0.03,group,cec,0.8072123640526617,0.8969141905604413,0.8855076234583962,0.859988551803091,0.8697299266274653,0.8690534422646615,0.9128167768121975,0.9051360774314409,0.9073424571993547,0.9207160326793985,0.8914919082062757,0.9089868345735547,0.9252849039912577,0.9452047666128949,0.941468491439871,0.9389811104751001,0.9167091637612531,0.8913149815267731,0.9091741687047926,0.9177915387417391,0.9423114950304418,0.9376801790081698,0.9383878857261799,0.8183067076026435,0.8000832596138835,0.7603892386949056,0.757860227923193,0.873414164541812,0.8726960503720664,0.8629442680959567
0.03,group,n,0.8862890418210694,0.9310481736368449,0.8895182636315511,0.8442826892535733,0.8531762837480148,0.8455796717840127,0.9353361566966649,,0.9284542085759662,0.9342509264160932,0.8913446267866596,0.9151667548967708,0.9468237162519851,0.9578613022763367,,0.9461884595023822,0.930068819481207,0.8892006352567496,0.9120434092112228,0.9350714663843304,0.9542085759661196,,0.9422445738485972,0.8540232927474855,0.7755690841715194,0.7762837480148227,0.7830068819481207,0.9254367390153521,,0.9043409211222869
0.03,random,cec,0.8156319925066348,0.9092470208669408,0.9047371251149157,0.8622226847756327,0.8878423617977138,0.8804357253126572,0.9085878822570294,0.9069920729909282,0.9087093025272762,0.8905829907547137,0.8744861320705625,0.9069053442264662,0.8899411978976948,0.9125080224107127,0.9105652980867635,0.9074777540719154,0.8909472515654542,0.8713985880557146,0.902950512566998,0.8862292067787202,0.9109989419090736,0.9094898614074344,0.9068186154620042,0.8826039444242078,0.8547466652790064,0.8636276907599174,0.8438882239683614,0.8994640162356247,0.8978508612166312,0.8946592426844288
0.03,random,n,0.8917857773072172,0.9426504323275101,0.9064760896417858,0.8678754190929945,0.8905505558496559,0.901623433915652,0.9448561849302982,,0.9352832186341979,0.9087259572966296,0.8673019234162697,0.8931533439209458,0.9134903829186518,0.9437533086289042,,0.9148138344803247,0.9066084347979531,0.8589641785777308,0.8826098464796188,0.9018440091759309,0.9418122463384507,,0.9141962237515441,0.8941238750661725,0.8273778013058055,0.8403476266101993,0.8689782953943885,0.937488971236986,,0.9153873301570495
0.1,group,cec,0.8125930165998855,0.9073424571993547,0.8870479263152418,0.855284383618671,0.8736431284799917,0.884727064578238,0.9110058802102305,0.9075089764271218,0.9056148202112713,0.9051672997866472,0.8780142582088776,0.9028880678565853,0.9268147993963678,0.9336004579278764,0.9299994796274133,0.9197273247645315,0.9053338190144143,0.8776812197533433,0.9025238070458448,0.9271374304001665,0.9338502367695269,0.9305406671176563,0.9197481396680023,0.8564812405682468,0.8191393037414789,0.802091897798824,0.7897382525888537,0.8855388458136025,0.8816464588645471,0.8698548160482906
0.1,group,n,0.8898888300688195,0.9376124933827422,0.8953943885653785,0.8469825304393859,0.8673901535203812,0.8762572789835892,0.9408681842244574,,0.9277395447326627,0.9225516146109053,0.8810481736368448,0.9081524616199047,0.9443885653785071,0.9552408681842245,,0.9303335097935416,0.9224986765484383,0.8804129168872419,0.907940709370037,0.9352567496029646,0.9522498676548439,,0.9281365802011646,0.8836156696664902,0.813499205929063,0.823292747485442,0.8206458443620963,0.931286394917946,,0.90643197458973
0.1,random,cec,0.8163084768694385,0.9072349135314218,0.90123328303065,0.8587535341971518,0.8874260637282961,0.8773828728035941,0.9050320029140865,0.9035923054240169,0.9057431787826751,0.8891259475117518,0.8684498100640058,0.9004006868918145,0.885743525697733,0.9086052280099217,0.9061247853463079,0.9022566824513018,0.8894381710638151,0.866437702728487,0.8980590102513399,0.8851537700993911,0.9087266482801686,0.9063329343810168,0.9021699536868398,0.8859343289795494,0.8584239648921962,0.8700629650829994,0.8137413054413627,0.8871832231878025,0.8850670413349292,0.892178800020815
0.1,random,n,0.8917416622551615,0.9420328215987295,0.9100494088583024,0.8682724545614964,0.8942121051702842,0.89571201694018,0.9426945473795659,,0.930651138168343,0.9065202046938415,0.8688459502382213,0.8976089641785777,0.9120787012528675,0.9435327333686254,,0.9100494088583024,0.9058143638609494,0.8678313040409388,0.8957561319922358,0.9040056467266632,0.9420769366507853,,0.9096964884418564,0.8990206458443621,0.8400388212458091,0.8638168343038645,0.864655020292924,0.9377977766013764,,0.909387683077466
0.3,group,cec,0.8167559972940626,0.9016287661965967,0.8963313732632565,0.8611541863974606,0.8846854347712962,0.8769214757766561,0.9050111880106156,0.9038351459645106,0.904126554613103,0.9022740282041942,0.8774938856221054,0.9092574283186762,0.9139199666961545,0.924421085497216,0.921621480980382,0.9101316542644533,,,,,,,,0.8770879950044231,0.8512775147005256,0.8595618462819379,0.807618254670344,0.8874017796742467,0.8853202893271582,0.8882239683613468
0.3,group,n,0.8904711487559556,0.9402064584436209,0.9018263631551086,0.8576230809952355,0.8789835892006352,0.8869772366331392,0.9413181577554262,,0.9286130227633669,0.9131815775542615,0.874563260984648,0.903361566966649,0.9249602964531498,0.9482265749073584,,0.918660667019587,,,,,,,,0.8945209105346744,0.8374801482265749,0.8565113816834304,0.861646373742721,0.9357331921651667,,0.9053467443091583
0.3,random,cec,0.8170890357495967,0.9049626199025169,0.899516053494302,0.8586494596797974,0.8878597075506063,0.8769665747341764,0.902568906003365,0.9012159372777575,0.9050493486669788,0.8908258312952073,0.8660907876706389,0.9021005706752702,0.8862812440373975,0.9058299075471371,0.9041300237636815,0.8972090683596121,,,,,,,,0.8852404988638531,0.859187178019462,0.8798459697143155,0.8330991656692859,0.8903054587084352,0.8884321173960555,0.890079963920834
0.3,random,n,0.8911681665784366,0.9418122463384507,0.910137638962414,0.8665519675313217,0.8945650255867302,0.8996823716251985,0.9424298570672314,,0.9307393682724545,0.9057702488088936,0.870742897476619,0.9001235221457561,0.9138433033350979,0.9438856537850715,,0.9107552496911946,,,,,,,,0.9057702488088936,0.8452885124404447,0.8698605964355038,0.8649638256573142,0.9359890594670902,,0.9098729486500794
1.0,all,cec,0.8162564396107613,0.9051881146901182,0.8984232710620804,0.8553364208773482,0.887807670291929,0.8821876463547901,0.9009730967372639,0.900504761409169,0.9040953322578966,0.8912941666233023,0.8685018473226831,0.9041994067752511,0.8943643648852578,0.9073216422958839,0.9052921892074726,0.8938439922984858,,,,,,,,0.8852578446167456,0.8515897382525889,0.8739657594837904,0.8458656397980955,0.8932715824530364,0.8919186137274289,0.8871311859291252
1.0,all,n,0.8913446267866596,0.9420328215987295,0.9068290100582319,0.8643462149285336,0.8917416622551615,0.8990206458443621,0.943223928004235,,0.9249602964531498,0.9051085230280572,0.8664637374272102,0.8963737427210164,0.911990471148756,0.9434886183165696,,0.9104023292747485,,,,,,,,0.9057702488088936,0.8587877183695076,0.8835362625727898,0.8818157755426151,0.9364743250397035,,0.9084171519322393
