level,target,learner,contrast,did,lo,hi,n_folds
0.03,cec,qrf,structured vs chained,0.009547613974843522,-0.014460027267472583,0.03355525521715963,5
0.03,n,qrf,structured vs chained,0.0018975193656311396,-0.023171628888125566,0.026966667619387846,5
0.1,cec,qrf,structured vs chained,0.015558076392465852,3.787954958786241e-05,0.03107827323534384,5
0.1,n,qrf,structured vs chained,0.0088284652067634,0.0024240121828380005,0.0152329182306888,5
0.3,cec,qrf,structured vs chained,0.005849337686814793,-0.006979333658994626,0.01867800903262421,5
0.3,n,qrf,structured vs chained,-0.0015947698952244829,-0.012485642891965309,0.009296103101516344,5
0.03,cec,qrf,structured_ya vs chained,0.010329598366488873,-0.013892157900341387,0.03455135463331913,5
0.03,n,qrf,structured_ya vs chained,0.009544822474957523,-0.006699081025114958,0.025788725975030003,5
0.1,cec,qrf,structured_ya vs chained,0.01621123987477695,0.002328330087776666,0.030094149661777238,5
0.1,n,qrf,structured_ya vs chained,0.011143995512181645,0.004121646063232545,0.018166344961130745,5
0.3,cec,qrf,structured_ya vs chained,0.0051982033753037666,-0.0041382743988377544,0.014534681149445287,5
0.3,n,qrf,structured_ya vs chained,0.001655462621099827,-0.004296340547513412,0.007607265789713066,5
0.03,cec,tabm,structured vs chained,0.03332002112417741,-0.01219500874146038,0.07883505098981519,5
0.03,n,tabm,structured vs chained,-0.013704097608910715,-0.02899639340673048,0.0015881981889090506,5
0.1,cec,tabm,structured vs chained,0.008356319874856648,-0.0010738560714776777,0.017786495821190976,5
0.1,n,tabm,structured vs chained,0.0013892568725711203,-0.016635401979783054,0.019413915724925297,5
0.3,cec,tabm,structured vs chained,0.0027905978381500404,-0.011810835724656622,0.0173920314009567,5
0.3,n,tabm,structured vs chained,-0.006156793344645998,-0.026023439360265,0.013709852670973006,5
0.03,cec,tabm,structured_ya vs chained,0.03942800718610231,-0.0016252900891523814,0.080481304461357,5
0.03,n,tabm,structured_ya vs chained,-0.009255233251010023,-0.028530747725779175,0.010020281223759128,5
0.1,cec,tabm,structured_ya vs chained,0.0014969872364541206,-0.01043242479651975,0.01342639926942799,5
0.1,n,tabm,structured_ya vs chained,0.00343296516238744,-0.006380107575794439,0.01324603790056932,5
0.3,cec,tabm,structured_ya vs chained,0.009931730326748064,-0.0042051044476313065,0.024068565101127433,5
0.3,n,tabm,structured_ya vs chained,-0.003506238489658653,-0.010710906265049357,0.0036984292857320505,5
0.03,cec,tabicl,structured vs chained,0.011432038428729722,-0.009424296830697223,0.032288373688156666,5
0.03,n,tabicl,structured vs chained,0.03694941647286286,-0.1212760518578914,0.1951748848036171,5
0.1,cec,tabicl,structured vs chained,-0.007788967863115358,-0.03941454450273627,0.023836608776505556,5
0.1,n,tabicl,structured vs chained,-0.005381192686369481,-0.009703764652998352,-0.0010586207197406106,5
0.3,cec,tabicl,structured vs chained,0.005379244058595253,-0.01280700579476245,0.023565493911952954,5
0.3,n,tabicl,structured vs chained,-0.004803423385885042,-0.011489412791094054,0.00188256601932397,5
0.03,cec,tabicl,structured_ya vs chained,0.012165785033335017,-0.006522709069269529,0.030854279135939564,5
0.03,n,tabicl,structured_ya vs chained,0.04085721615634328,-0.09974782012476963,0.18146225243745617,5
0.1,cec,tabicl,structured_ya vs chained,-0.0039621969654529245,-0.028144607838310246,0.0202202139074044,5
0.1,n,tabicl,structured_ya vs chained,-0.004541642983404122,-0.01982514443588547,0.010741858469077225,5
0.3,cec,tabicl,structured_ya vs chained,0.008639735388272667,-0.0038793719630302037,0.021158842739575537,5
0.3,n,tabicl,structured_ya vs chained,-0.0009625613094646227,-0.00485298963403758,0.002927867015108334,5
0.03,cec,tabicl_ft,structured vs chained,0.009494218459717771,-0.01842475324207056,0.0374131901615061,5
0.03,n,tabicl_ft,structured vs chained,-0.005279764097598887,-0.05083531730569793,0.04027578911050016,5
0.1,cec,tabicl_ft,structured vs chained,-0.0068393337231951925,-0.04267677574638837,0.02899810829999798,5
0.1,n,tabicl_ft,structured vs chained,0.0028617826460469583,-0.014790780131612571,0.02051434542370649,5
0.03,cec,tabicl_ft,structured_ya vs chained,0.01176668357923676,-0.010200347607643826,0.03373371476611735,5
0.03,n,tabicl_ft,structured_ya vs chained,-0.0005684815878343796,-0.02488830497732297,0.023751341801654207,5
0.1,cec,tabicl_ft,structured_ya vs chained,-0.0011641659124702834,-0.02116582797547873,0.01883749615053816,5
0.1,n,tabicl_ft,structured_ya vs chained,0.004035320271462235,0.0021901697650816895,0.00588047077784278,5
