level,scheme,target,arm,skill,lo,hi,n_folds,units,score
0.03,group,joint,ptf,0.06771786201843306,0.04384160332095441,0.09159412071591172,5,25,es
0.03,group,joint,ptf_marg,0.07029745636975342,0.0490964424652719,0.09149847027423494,5,25,es
0.03,group,joint,qrf:chained,0.07175950521237692,0.06338794100133636,0.08013106942341748,5,25,es
0.03,group,joint,qrf:clip,0.047640330834933055,0.04016298101794206,0.05511768065192405,5,25,es
0.03,group,joint,qrf:free,0.0,0.0,0.0,5,25,es
0.03,group,joint,qrf:structured,0.09129056613486516,0.07924580965414997,0.10333532261558036,5,25,es
0.03,group,joint,qrf:structured_ya,0.0951517264163994,0.08279716881396666,0.10750628401883212,5,25,es
0.03,group,joint,tabicl:chained,0.08218147739317364,0.05770674842863535,0.10665620635771192,5,25,es
0.03,group,joint,tabicl:clip,0.055374022433025784,0.045012976365677346,0.06573506850037422,5,25,es
0.03,group,joint,tabicl:free,-0.00026468653706217986,-0.010545266408519287,0.010015893334394928,5,25,es
0.03,group,joint,tabicl:structured,0.0851818047475656,0.07076173365807453,0.09960187583705668,5,25,es
0.03,group,joint,tabicl:structured_ya,0.08921802658029312,0.07388967165990057,0.10454638150068568,5,25,es
0.03,group,joint,tabicl_ft:chained,0.084771176945182,0.06632935274618051,0.1032130011441835,5,25,es
0.03,group,joint,tabicl_ft:clip,0.054717183019666306,0.04316384251259245,0.06627052352674016,5,25,es
0.03,group,joint,tabicl_ft:free,-0.00300573331499208,-0.013531419822315545,0.007519953192331385,5,25,es
0.03,group,joint,tabicl_ft:structured,0.08742685626036133,0.07262874399200776,0.10222496852871489,5,25,es
0.03,group,joint,tabicl_ft:structured_ya,0.09298147438162052,0.07825919392382966,0.10770375483941139,5,25,es
0.03,group,joint,tabm:chained,0.07742979973239908,0.060338670474806747,0.09452092898999141,5,25,es
0.03,group,joint,tabm:clip,0.029095934848825288,0.01317401445108662,0.04501785524656396,5,25,es
0.03,group,joint,tabm:free,-0.03478750087505893,-0.05331713927025767,-0.016257862479860184,5,25,es
0.03,group,joint,tabm:structured,0.08869855537890867,0.07790303020209968,0.09949408055571765,5,25,es
0.03,group,joint,tabm:structured_ya,0.09159331458271826,0.07783161922811756,0.10535500993731896,5,25,es
0.03,random,joint,ptf,0.013592663651462486,-0.004759476841907355,0.03194480414483233,5,15,es
0.03,random,joint,ptf_marg,0.017185119557530902,0.001448777267293696,0.032921461847768105,5,15,es
0.03,random,joint,qrf:chained,0.04554172381657409,0.040442353052751914,0.05064109458039627,5,15,es
0.03,random,joint,qrf:clip,0.023613521710265505,0.016300242142632156,0.030926801277898854,5,15,es
0.03,random,joint,qrf:free,0.0,0.0,0.0,5,15,es
0.03,random,joint,qrf:structured,0.05417020497647072,0.046035234656450756,0.06230517529649069,5,15,es
0.03,random,joint,qrf:structured_ya,0.05619755664709828,0.04850736764670649,0.06388774564749007,5,15,es
0.03,random,joint,tabicl:chained,0.06220097987307109,0.05616452369182449,0.06823743605431769,5,15,es
0.03,random,joint,tabicl:clip,0.027058866681326843,0.017547818477451675,0.03656991488520201,5,15,es
0.03,random,joint,tabicl:free,0.004340073416214726,-0.0027130492972327197,0.011393196129662171,5,15,es
0.03,random,joint,tabicl:structured,0.054913504792061515,0.04634007022120884,0.06348693936291419,5,15,es
0.03,random,joint,tabicl:structured_ya,0.05984008922676452,0.052521609858089784,0.06715856859543926,5,15,es
0.03,random,joint,tabicl_ft:chained,0.06214220626659811,0.05595084246918955,0.06833357006400667,5,15,es
0.03,random,joint,tabicl_ft:clip,0.027654597414415404,0.017967980656523604,0.03734121417230721,5,15,es
0.03,random,joint,tabicl_ft:free,0.00490091801364303,-0.001488187948522646,0.011290023975808706,5,15,es
0.03,random,joint,tabicl_ft:structured,0.05546488769284399,0.047334734421545635,0.06359504096414234,5,15,es
0.03,random,joint,tabicl_ft:structured_ya,0.0601316305617862,0.05270169888047685,0.06756156224309555,5,15,es
0.03,random,joint,tabm:chained,0.05445506683217406,0.04699582993965312,0.061914303724695,5,15,es
0.03,random,joint,tabm:clip,0.014837678529687847,0.0017379696802127306,0.027937387379162966,5,15,es
0.03,random,joint,tabm:free,-0.016702710665422844,-0.026824726726766106,-0.006580694604079585,5,15,es
0.03,random,joint,tabm:structured,0.05055523276596259,0.040249984709216494,0.06086048082270869,5,15,es
0.03,random,joint,tabm:structured_ya,0.0542134470616214,0.04305550631273266,0.06537138781051013,5,15,es
0.1,group,joint,ptf,0.04170660013070596,0.02895000939144085,0.054463190869971076,5,25,es
0.1,group,joint,ptf_marg,0.04517814609137087,0.033511976241862,0.05684431594087974,5,25,es
0.1,group,joint,qrf:chained,0.06818195539837564,0.05890093422895681,0.07746297656779447,5,25,es
0.1,group,joint,qrf:clip,0.032396395138402555,0.0295837324301113,0.035209057846693814,5,25,es
0.1,group,joint,qrf:free,0.0,0.0,0.0,5,25,es
0.1,group,joint,qrf:structured,0.0738973664672645,0.06286555402509326,0.08492917890943573,5,25,es
0.1,group,joint,qrf:structured_ya,0.07774624604788474,0.06687242205026221,0.08862007004550727,5,25,es
0.1,group,joint,tabicl:chained,0.07840583578310185,0.0678885209988051,0.0889231505673986,5,25,es
0.1,group,joint,tabicl:clip,0.039158930920575534,0.03497524318691294,0.04334261865423813,5,25,es
0.1,group,joint,tabicl:free,0.00482570650937582,-0.004338004213867725,0.013989417232619365,5,25,es
0.1,group,joint,tabicl:structured,0.06972506397560585,0.056400188009918265,0.08304993994129344,5,25,es
0.1,group,joint,tabicl:structured_ya,0.07680799244027547,0.06316309300739979,0.09045289187315116,5,25,es
0.1,group,joint,tabicl_ft:chained,0.07784474384081466,0.06818920184640152,0.0875002858352278,5,25,es
0.1,group,joint,tabicl_ft:clip,0.03873970021825435,0.03397992950600899,0.043499470930499703,5,25,es
0.1,group,joint,tabicl_ft:free,0.004179124348067194,-0.005296978920470548,0.013655227616604936,5,25,es
0.1,group,joint,tabicl_ft:structured,0.07067816969173837,0.05751448981692454,0.0838418495665522,5,25,es
0.1,group,joint,tabicl_ft:structured_ya,0.0777643372140007,0.06547301564433464,0.09005565878366675,5,25,es
0.1,group,joint,tabm:chained,0.07614147633125133,0.06516501825234969,0.08711793441015298,5,25,es
0.1,group,joint,tabm:clip,0.02864587909648105,0.021250252699078542,0.03604150549388356,5,25,es
0.1,group,joint,tabm:free,-0.01002697865143452,-0.023236711651740165,0.003182754348871126,5,25,es
0.1,group,joint,tabm:structured,0.07094419910850269,0.061817527015280205,0.08007087120172518,5,25,es
0.1,group,joint,tabm:structured_ya,0.07657577428528782,0.06553867199006244,0.0876128765805132,5,25,es
0.1,random,joint,ptf,-0.004851940729812269,-0.01717333318110547,0.007469451721480934,5,15,es
0.1,random,joint,ptf_marg,-0.0010505628234947382,-0.01264951619415058,0.010548390547161106,5,15,es
0.1,random,joint,qrf:chained,0.03873944003491435,0.035642518933633065,0.041836361136195634,5,15,es
0.1,random,joint,qrf:clip,0.016318593075251915,0.011891521991072998,0.020745664159430834,5,15,es
0.1,random,joint,qrf:free,0.0,0.0,0.0,5,15,es
0.1,random,joint,qrf:structured,0.04017642058301307,0.03738557477440067,0.04296726639162547,5,15,es
0.1,random,joint,qrf:structured_ya,0.04270135416933403,0.04031857623609701,0.04508413210257105,5,15,es
0.1,random,joint,tabicl:chained,0.04996129714690263,0.045351493465427134,0.05457110082837813,5,15,es
0.1,random,joint,tabicl:clip,0.02337494688411561,0.019892809841921287,0.026857083926309935,5,15,es
0.1,random,joint,tabicl:free,0.007885309314051328,0.00449379213884059,0.011276826489262067,5,15,es
0.1,random,joint,tabicl:structured,0.04215402669903926,0.036908237835481056,0.04739981556259747,5,15,es
0.1,random,joint,tabicl:structured_ya,0.047472557191696095,0.04359495741089061,0.05135015697250158,5,15,es
0.1,random,joint,tabicl_ft:chained,0.04992000173452578,0.045201859315921834,0.054638144153129724,5,15,es
0.1,random,joint,tabicl_ft:clip,0.023093693978941707,0.019104637741796146,0.02708275021608727,5,15,es
0.1,random,joint,tabicl_ft:free,0.007795560919919671,0.004540271752643353,0.011050850087195987,5,15,es
0.1,random,joint,tabicl_ft:structured,0.04238268889402836,0.03724730618043714,0.04751807160761958,5,15,es
0.1,random,joint,tabicl_ft:structured_ya,0.04780995765656206,0.04431529486063614,0.05130462045248799,5,15,es
0.1,random,joint,tabm:chained,0.043176531305590266,0.039187908229974096,0.047165154381206435,5,15,es
0.1,random,joint,tabm:clip,0.011342243592775476,0.0028114343160746905,0.019873052869476264,5,15,es
0.1,random,joint,tabm:free,-0.00904848856909212,-0.015342364691021407,-0.002754612447162832,5,15,es
0.1,random,joint,tabm:structured,0.03705206406243136,0.03191724922030778,0.04218687890455494,5,15,es
0.1,random,joint,tabm:structured_ya,0.04314976452026692,0.04022709693317752,0.04607243210735632,5,15,es
0.3,group,joint,ptf,0.00942652831589081,-0.005852393195780866,0.024705449827562488,5,25,es
0.3,group,joint,ptf_marg,0.012340405262504805,-0.0029537633504768367,0.027634573875486446,5,25,es
0.3,group,joint,qrf:chained,0.051308428974338946,0.04453942645200094,0.058077431496676955,5,25,es
0.3,group,joint,qrf:clip,0.02273398157402177,0.018028928425939197,0.027439034722104346,5,25,es
0.3,group,joint,qrf:free,0.0,0.0,0.0,5,25,es
0.3,group,joint,qrf:structured,0.050379820815148246,0.040672425339340214,0.06008721629095628,5,25,es
0.3,group,joint,qrf:structured_ya,0.05450704538531855,0.0452867135256044,0.0637273772450327,5,25,es
0.3,group,joint,tabicl:chained,0.057561751808189385,0.04593472105511389,0.06918878256126487,5,25,es
0.3,group,joint,tabicl:clip,0.027068686755148612,0.021731730901642536,0.03240564260865469,5,25,es
0.3,group,joint,tabicl:free,0.002607155177308158,-0.003719076296361538,0.008933386650977855,5,25,es
0.3,group,joint,tabicl:structured,0.050084614764661514,0.037980324327967364,0.062188905201355664,5,25,es
0.3,group,joint,tabicl:structured_ya,0.05675124654889667,0.04480628636553623,0.06869620673225711,5,25,es
0.3,group,joint,tabicl_ft:chained,,,,0,0,es
0.3,group,joint,tabicl_ft:clip,,,,0,0,es
0.3,group,joint,tabicl_ft:free,,,,0,0,es
0.3,group,joint,tabicl_ft:structured,,,,0,0,es
0.3,group,joint,tabicl_ft:structured_ya,,,,0,0,es
0.3,group,joint,tabm:chained,0.05309204764308585,0.04565287497327684,0.060531220312894866,5,25,es
0.3,group,joint,tabm:clip,0.015293149416366275,0.01002417743984798,0.02056212139288457,5,25,es
0.3,group,joint,tabm:free,-0.014123688873444493,-0.01973833762550173,-0.008509040121387255,5,25,es
0.3,group,joint,tabm:structured,0.047216575584384184,0.037516430302544916,0.05691672086622345,5,25,es
0.3,group,joint,tabm:structured_ya,0.05420226122833164,0.045671801907503515,0.06273272054915977,5,25,es
0.3,random,joint,ptf,-0.016568691245090673,-0.028927371953224618,-0.004210010536956731,5,15,es
0.3,random,joint,ptf_marg,-0.013000012852594348,-0.02453319891911008,-0.0014668267860786146,5,15,es
0.3,random,joint,qrf:chained,0.03344241175440648,0.03140021951813092,0.03548460399068204,5,15,es
0.3,random,joint,qrf:clip,0.012105331087688919,0.008925467986266703,0.015285194189111135,5,15,es
0.3,random,joint,qrf:free,0.0,0.0,0.0,5,15,es
0.3,random,joint,qrf:structured,0.03163813296501834,0.02632588975375559,0.036950376176281094,5,15,es
0.3,random,joint,qrf:structured_ya,0.03503816388246288,0.030741874604670868,0.03933445316025489,5,15,es
0.3,random,joint,tabicl:chained,0.042327952332842124,0.03672296838186467,0.04793293628381958,5,15,es
0.3,random,joint,tabicl:clip,0.01950514496286374,0.016224845389420088,0.02278544453630739,5,15,es
0.3,random,joint,tabicl:free,0.009025770993740143,0.006906413695792073,0.011145128291688212,5,15,es
0.3,random,joint,tabicl:structured,0.03435244223465666,0.02854848212787332,0.040156402341439995,5,15,es
0.3,random,joint,tabicl:structured_ya,0.040219119116111056,0.03530505618137547,0.04513318205084664,5,15,es
0.3,random,joint,tabicl_ft:chained,,,,0,0,es
0.3,random,joint,tabicl_ft:clip,,,,0,0,es
0.3,random,joint,tabicl_ft:free,,,,0,0,es
0.3,random,joint,tabicl_ft:structured,,,,0,0,es
0.3,random,joint,tabicl_ft:structured_ya,,,,0,0,es
0.3,random,joint,tabm:chained,0.03552626892492931,0.03189865682135588,0.03915388102850275,5,15,es
0.3,random,joint,tabm:clip,0.004552069487663839,-0.005087442385782782,0.01419158136111046,5,15,es
0.3,random,joint,tabm:free,-0.012732218553069571,-0.02100824426231814,-0.004456192843821004,5,15,es
0.3,random,joint,tabm:structured,0.029224009428224902,0.024325952489233645,0.03412206636721616,5,15,es
0.3,random,joint,tabm:structured_ya,0.03501007624544169,0.031386107380637275,0.0386340451102461,5,15,es
1.0,all,joint,ptf,-0.028825929009648553,-0.04259508501447467,-0.015056773004822435,5,5,es
1.0,all,joint,ptf_marg,-0.02518479173736097,-0.038740613356184964,-0.01162897011853697,5,5,es
1.0,all,joint,qrf:chained,0.02734995246678218,0.023568043865969508,0.03113186106759485,5,5,es
1.0,all,joint,qrf:clip,0.008136002086043991,0.005041096261014761,0.011230907911073222,5,5,es
1.0,all,joint,qrf:free,0.0,0.0,0.0,5,5,es
1.0,all,joint,qrf:structured,0.02357983857713066,0.017624995991555384,0.02953468116270594,5,5,es
1.0,all,joint,qrf:structured_ya,0.026697690045891398,0.022300911221248897,0.0310944688705339,5,5,es
1.0,all,joint,tabicl:chained,0.03299809691539697,0.025953992885677755,0.04004220094511619,5,5,es
1.0,all,joint,tabicl:clip,0.015513582104700352,0.010138678151192437,0.02088848605820827,5,5,es
1.0,all,joint,tabicl:free,0.008319498979325646,0.00185042600893672,0.014788571949714573,5,5,es
1.0,all,joint,tabicl:structured,0.025430156214611577,0.017933316022567175,0.03292699640665598,5,5,es
1.0,all,joint,tabicl:structured_ya,0.03131783794332492,0.02412284089641308,0.038512834990236756,5,5,es
1.0,all,joint,tabicl_ft:chained,,,,0,0,es
1.0,all,joint,tabicl_ft:clip,,,,0,0,es
1.0,all,joint,tabicl_ft:free,,,,0,0,es
1.0,all,joint,tabicl_ft:structured,,,,0,0,es
1.0,all,joint,tabicl_ft:structured_ya,,,,0,0,es
1.0,all,joint,tabm:chained,0.027481955414204572,0.02330363475446551,0.03166027607394363,5,5,es
1.0,all,joint,tabm:clip,0.002341340953468696,-0.0023660293512406485,0.007048711258178041,5,5,es
1.0,all,joint,tabm:free,-0.010757298503360246,-0.01832008968530634,-0.0031945073214141523,5,5,es
1.0,all,joint,tabm:structured,0.02135870400324875,0.016212719619558127,0.026504688386939375,5,5,es
1.0,all,joint,tabm:structured_ya,0.027508918443515728,0.0235300773196609,0.03148775956737056,5,5,es
0.03,group,joint,ptf,0.18825728467108618,0.14123291463074605,0.2352816547114263,5,25,vs
0.03,group,joint,ptf_marg,0.21096507739143747,0.17369598449516574,0.2482341702877092,5,25,vs
0.03,group,joint,qrf:chained,0.18475738159909721,0.16590464539639374,0.2036101178018007,5,25,vs
0.03,group,joint,qrf:clip,0.12684571190173322,0.10954667318851741,0.14414475061494902,5,25,vs
0.03,group,joint,qrf:free,0.0,0.0,0.0,5,25,vs
0.03,group,joint,qrf:structured,0.22891777058401472,0.2060856941585395,0.25174984700948994,5,25,vs
0.03,group,joint,qrf:structured_ya,0.2393349519291355,0.2161231442871191,0.2625467595711519,5,25,vs
0.03,group,joint,tabicl:chained,0.17530906965267357,0.08826362563942615,0.262354513665921,5,25,vs
0.03,group,joint,tabicl:clip,0.11008816887907798,0.09854681267438645,0.12162952508376951,5,25,vs
0.03,group,joint,tabicl:free,-0.07132918822104672,-0.1041466872936766,-0.03851168914841684,5,25,vs
0.03,group,joint,tabicl:structured,0.1806302961759648,0.15413254506618526,0.20712804728574433,5,25,vs
0.03,group,joint,tabicl:structured_ya,0.19272204562657952,0.16769508790849397,0.21774900334466507,5,25,vs
0.03,group,joint,tabicl_ft:chained,0.18773996000669577,0.12633291912035507,0.24914700089303646,5,25,vs
0.03,group,joint,tabicl_ft:clip,0.11048432679244644,0.09537056947033647,0.12559808411455642,5,25,vs
0.03,group,joint,tabicl_ft:free,-0.07530568294555028,-0.11539694337870364,-0.03521442251239691,5,25,vs
0.03,group,joint,tabicl_ft:structured,0.19112388585025566,0.16084287502490524,0.2214048966756061,5,25,vs
0.03,group,joint,tabicl_ft:structured_ya,0.20753626995736632,0.18715290023540782,0.22791963967932483,5,25,vs
0.03,group,joint,tabm:chained,0.22748577789611474,0.1906782557627071,0.26429330002952234,5,25,vs
0.03,group,joint,tabm:clip,0.13389069917026047,0.10861758528542202,0.1591638130550989,5,25,vs
0.03,group,joint,tabm:free,0.009456452259440778,-0.02295344148549292,0.04186634600437448,5,25,vs
0.03,group,joint,tabm:structured,0.23205728619969163,0.21466443534061153,0.24945013705877173,5,25,vs
0.03,group,joint,tabm:structured_ya,0.23980009368496802,0.22078164179517726,0.2588185455747588,5,25,vs
0.03,random,joint,ptf,0.13087712208915814,0.09804341738858585,0.16371082678973042,5,15,vs
0.03,random,joint,ptf_marg,0.1658778808178453,0.14335487441090652,0.18840088722478407,5,15,vs
0.03,random,joint,qrf:chained,0.17372816093799703,0.16293009441902118,0.1845262274569729,5,15,vs
0.03,random,joint,qrf:clip,0.10171406120576579,0.08631398719232937,0.1171141352192022,5,15,vs
0.03,random,joint,qrf:free,0.0,0.0,0.0,5,15,vs
0.03,random,joint,qrf:structured,0.2097221257963692,0.18897563943336385,0.23046861215937456,5,15,vs
0.03,random,joint,qrf:structured_ya,0.21655895313216122,0.19642434785343,0.23669355841089246,5,15,vs
0.03,random,joint,tabicl:chained,0.22886525463701496,0.21269967300294088,0.24503083627108904,5,15,vs
0.03,random,joint,tabicl:clip,0.10943558086052947,0.0949014325741168,0.12396972914694214,5,15,vs
0.03,random,joint,tabicl:free,0.004492945452384463,-0.004626937230918993,0.01361282813568792,5,15,vs
0.03,random,joint,tabicl:structured,0.20906503884946198,0.1874926360910226,0.23063744160790137,5,15,vs
0.03,random,joint,tabicl:structured_ya,0.22415759089541437,0.2060111361387237,0.24230404565210503,5,15,vs
0.03,random,joint,tabicl_ft:chained,0.2287723800194741,0.21212839846369388,0.2454163615752543,5,15,vs
0.03,random,joint,tabicl_ft:clip,0.11499412125935164,0.10164231756215718,0.12834592495654612,5,15,vs
0.03,random,joint,tabicl_ft:free,0.013925868515997383,0.007393947348994655,0.020457789683000112,5,15,vs
0.03,random,joint,tabicl_ft:structured,0.2113794950162628,0.18976334797629205,0.23299564205623355,5,15,vs
0.03,random,joint,tabicl_ft:structured_ya,0.22486623703488445,0.206638478106017,0.24309399596375192,5,15,vs
0.03,random,joint,tabm:chained,0.21821638790364967,0.20262253724768464,0.2338102385596147,5,15,vs
0.03,random,joint,tabm:clip,0.10456313690708081,0.08858837983334121,0.12053789398082042,5,15,vs
0.03,random,joint,tabm:free,0.008609858522277396,-0.00838951195459731,0.025609228999152103,5,15,vs
0.03,random,joint,tabm:structured,0.2090732958612443,0.18837224562954852,0.22977434609294006,5,15,vs
0.03,random,joint,tabm:structured_ya,0.21970308660009635,0.19687208294889946,0.24253409025129324,5,15,vs
0.1,group,joint,ptf,0.14884195172100081,0.10514945648604632,0.1925344469559553,5,25,vs
0.1,group,joint,ptf_marg,0.18133025770640146,0.15097339234606183,0.2116871230667411,5,25,vs
0.1,group,joint,qrf:chained,0.20107884208341567,0.17546487830805946,0.22669280585877188,5,25,vs
0.1,group,joint,qrf:clip,0.10885093316532754,0.09631947899705519,0.12138238733359989,5,25,vs
0.1,group,joint,qrf:free,0.0,0.0,0.0,5,25,vs
0.1,group,joint,qrf:structured,0.21630039654456956,0.18726392051040508,0.24533687257873404,5,25,vs
0.1,group,joint,qrf:structured_ya,0.22701291073766336,0.19653497240558832,0.2574908490697384,5,25,vs
0.1,group,joint,tabicl:chained,0.21801315521884396,0.18056837863797331,0.2554579317997146,5,25,vs
0.1,group,joint,tabicl:clip,0.10500582474748443,0.08252204391479222,0.12748960558017666,5,25,vs
0.1,group,joint,tabicl:free,-0.02185763321094428,-0.04884326249917943,0.005127996077290871,5,25,vs
0.1,group,joint,tabicl:structured,0.18645496270454912,0.14751229474055721,0.22539763066854102,5,25,vs
0.1,group,joint,tabicl:structured_ya,0.20908470232385992,0.16432184015510515,0.2538475644926147,5,25,vs
0.1,group,joint,tabicl_ft:chained,0.21726206619756758,0.18216231931151758,0.2523618130836176,5,25,vs
0.1,group,joint,tabicl_ft:clip,0.10483005431328418,0.08424666955942955,0.1254134390671388,5,25,vs
0.1,group,joint,tabicl_ft:free,-0.021821143178900444,-0.042605709998371516,-0.001036576359429376,5,25,vs
0.1,group,joint,tabicl_ft:structured,0.19071340126820002,0.15095865222881777,0.23046815030758228,5,25,vs
0.1,group,joint,tabicl_ft:structured_ya,0.21259111750930054,0.1705455601122641,0.254636674906337,5,25,vs
0.1,group,joint,tabm:chained,0.2267452445243161,0.1926042535170849,0.26088623553154733,5,25,vs
0.1,group,joint,tabm:clip,0.12136198433509153,0.1081948145139008,0.13452915415628225,5,25,vs
0.1,group,joint,tabm:free,0.029397779081996877,0.015638730627016394,0.04315682753697736,5,25,vs
0.1,group,joint,tabm:structured,0.21719499258084768,0.1853506299391312,0.24903935522256415,5,25,vs
0.1,group,joint,tabm:structured_ya,0.2284506802186917,0.19325958019243886,0.26364178024494456,5,25,vs
0.1,random,joint,ptf,0.09864720797099345,0.07337954874536541,0.1239148671966215,5,15,vs
0.1,random,joint,ptf_marg,0.1346579873037356,0.12140595270361189,0.1479100219038593,5,15,vs
0.1,random,joint,qrf:chained,0.17712105965336591,0.16518174200726787,0.18906037729946396,5,15,vs
0.1,random,joint,qrf:clip,0.09124573652403178,0.08224078330940958,0.10025068973865399,5,15,vs
0.1,random,joint,qrf:free,0.0,0.0,0.0,5,15,vs
0.1,random,joint,qrf:structured,0.1906596513164207,0.17727698147400653,0.2040423211588349,5,15,vs
0.1,random,joint,qrf:structured_ya,0.19779646906214382,0.18412829433439393,0.2114646437898937,5,15,vs
0.1,random,joint,tabicl:chained,0.21015451880395702,0.19864560765523323,0.22166342995268082,5,15,vs
0.1,random,joint,tabicl:clip,0.10372303850645022,0.09721051270512411,0.11023556430777633,5,15,vs
0.1,random,joint,tabicl:free,0.012842517445942937,0.006007111131295876,0.019677923760589997,5,15,vs
0.1,random,joint,tabicl:structured,0.19129295385061737,0.17730517229226428,0.20528073540897046,5,15,vs
0.1,random,joint,tabicl:structured_ya,0.20651395108130113,0.19409466779837162,0.21893323436423065,5,15,vs
0.1,random,joint,tabicl_ft:chained,0.20999358629874393,0.19874039969328794,0.22124677290419992,5,15,vs
0.1,random,joint,tabicl_ft:clip,0.10430282719022002,0.09697820992013854,0.1116274444603015,5,15,vs
0.1,random,joint,tabicl_ft:free,0.01434287569487997,0.005899993855894493,0.022785757533865445,5,15,vs
0.1,random,joint,tabicl_ft:structured,0.19191519787503625,0.17785626178006148,0.20597413397001102,5,15,vs
0.1,random,joint,tabicl_ft:structured_ya,0.20686617453828146,0.19490469657685797,0.21882765249970496,5,15,vs
0.1,random,joint,tabm:chained,0.20044311281271718,0.19161402139528877,0.2092722042301456,5,15,vs
0.1,random,joint,tabm:clip,0.09536884952116462,0.08407746589254897,0.10666023314978026,5,15,vs
0.1,random,joint,tabm:free,0.0141484027482488,0.0020088916053500622,0.02628791389114754,5,15,vs
0.1,random,joint,tabm:structured,0.18761187492211578,0.17210582555442663,0.20311792428980494,5,15,vs
0.1,random,joint,tabm:structured_ya,0.20096445048241213,0.18800332246541485,0.2139255784994094,5,15,vs
0.3,group,joint,ptf,0.1171987997437967,0.08732411672112947,0.14707348276646393,5,25,vs
0.3,group,joint,ptf_marg,0.1487294186499018,0.1268769609919079,0.1705818763078957,5,25,vs
0.3,group,joint,qrf:chained,0.19614669191897932,0.18172126268484765,0.210572121153111,5,25,vs
0.3,group,joint,qrf:clip,0.10080892476963306,0.09081166915597923,0.11080618038328689,5,25,vs
0.3,group,joint,qrf:free,0.0,0.0,0.0,5,25,vs
0.3,group,joint,qrf:structured,0.1983355628240217,0.18377122509912994,0.21289990054891347,5,25,vs
0.3,group,joint,qrf:structured_ya,0.20850527034862404,0.19408586571429617,0.2229246749829519,5,25,vs
0.3,group,joint,tabicl:chained,0.2080447292253949,0.1819499456030458,0.234139512847744,5,25,vs
0.3,group,joint,tabicl:clip,0.09745303954537159,0.08299544911288806,0.11191062997785511,5,25,vs
0.3,group,joint,tabicl:free,-0.019684294718130563,-0.043545658177639376,0.004177068741378253,5,25,vs
0.3,group,joint,tabicl:structured,0.18340985975612534,0.15640464428514175,0.21041507522710892,5,25,vs
0.3,group,joint,tabicl:structured_ya,0.20397824034426842,0.17661380651785566,0.2313426741706812,5,25,vs
0.3,group,joint,tabicl_ft:chained,,,,0,0,vs
0.3,group,joint,tabicl_ft:clip,,,,0,0,vs
0.3,group,joint,tabicl_ft:free,,,,0,0,vs
0.3,group,joint,tabicl_ft:structured,,,,0,0,vs
0.3,group,joint,tabicl_ft:structured_ya,,,,0,0,vs
0.3,group,joint,tabm:chained,0.20892404419526156,0.19733702810958664,0.22051106028093648,5,25,vs
0.3,group,joint,tabm:clip,0.1014398606433919,0.08977331637181904,0.11310640491496476,5,25,vs
0.3,group,joint,tabm:free,0.009839837188982743,-0.0017335145604141181,0.021413188938379603,5,25,vs
0.3,group,joint,tabm:structured,0.19700989381361086,0.18277177082682644,0.2112480168003953,5,25,vs
0.3,group,joint,tabm:structured_ya,0.2099022848336396,0.19660326329968586,0.22320130636759333,5,25,vs
0.3,random,joint,ptf,0.08489457440345889,0.060986249756502395,0.10880289905041539,5,15,vs
0.3,random,joint,ptf_marg,0.12087506627772401,0.1067210992339627,0.13502903332148533,5,15,vs
0.3,random,joint,qrf:chained,0.17818453236670315,0.16802917120650726,0.18833989352689903,5,15,vs
0.3,random,joint,qrf:clip,0.08778081222071314,0.07932698771718995,0.09623463672423634,5,15,vs
0.3,random,joint,qrf:free,0.0,0.0,0.0,5,15,vs
0.3,random,joint,qrf:structured,0.18091632029855909,0.16684845404809123,0.19498418654902694,5,15,vs
0.3,random,joint,qrf:structured_ya,0.18989474767950637,0.17714269338273503,0.2026468019762777,5,15,vs
0.3,random,joint,tabicl:chained,0.20122028049298848,0.18970802033117065,0.21273254065480632,5,15,vs
0.3,random,joint,tabicl:clip,0.09790581000584843,0.09242363477722974,0.10338798523446711,5,15,vs
0.3,random,joint,tabicl:free,0.00957674031821917,0.004955587622790215,0.014197893013648124,5,15,vs
0.3,random,joint,tabicl:structured,0.18226148425158137,0.1688584574902392,0.19566451101292354,5,15,vs
0.3,random,joint,tabicl:structured_ya,0.19803739331953696,0.18607223577288834,0.21000255086618558,5,15,vs
0.3,random,joint,tabicl_ft:chained,,,,0,0,vs
0.3,random,joint,tabicl_ft:clip,,,,0,0,vs
0.3,random,joint,tabicl_ft:free,,,,0,0,vs
0.3,random,joint,tabicl_ft:structured,,,,0,0,vs
0.3,random,joint,tabicl_ft:structured_ya,,,,0,0,vs
0.3,random,joint,tabm:chained,0.19284765965536257,0.18452279342237898,0.20117252588834617,5,15,vs
0.3,random,joint,tabm:clip,0.08751743619507016,0.07542726850771543,0.09960760388242489,5,15,vs
0.3,random,joint,tabm:free,0.008554980871331271,-0.007500111614996894,0.024610073357659436,5,15,vs
0.3,random,joint,tabm:structured,0.17996682414372808,0.16821136045823873,0.19172228782921744,5,15,vs
0.3,random,joint,tabm:structured_ya,0.1918601067019185,0.18051602937383612,0.20320418403000087,5,15,vs
1.0,all,joint,ptf,0.06762916583869072,0.049973195668071624,0.08528513600930981,5,5,vs
1.0,all,joint,ptf_marg,0.10266893195523352,0.09248750538755829,0.11285035852290876,5,5,vs
1.0,all,joint,qrf:chained,0.1765692363308367,0.16917812974557836,0.18396034291609506,5,5,vs
1.0,all,joint,qrf:clip,0.08418792730777527,0.07537547396239326,0.09300038065315729,5,5,vs
1.0,all,joint,qrf:free,0.0,0.0,0.0,5,5,vs
1.0,all,joint,qrf:structured,0.17068549441289582,0.16269199919253835,0.1786789896332533,5,5,vs
1.0,all,joint,qrf:structured_ya,0.17956101595839374,0.17115152770698533,0.18797050420980216,5,5,vs
1.0,all,joint,tabicl:chained,0.18959960238510615,0.18071531406106991,0.19848389070914238,5,5,vs
1.0,all,joint,tabicl:clip,0.0906596755588559,0.08233787232045008,0.09898147879726173,5,5,vs
1.0,all,joint,tabicl:free,0.002438772299035974,-0.005243125486385801,0.01012067008445775,5,5,vs
1.0,all,joint,tabicl:structured,0.16907461288536527,0.1596481206744175,0.17850110509631303,5,5,vs
1.0,all,joint,tabicl:structured_ya,0.18640818029612408,0.17664584392753807,0.19617051666471008,5,5,vs
1.0,all,joint,tabicl_ft:chained,,,,0,0,vs
1.0,all,joint,tabicl_ft:clip,,,,0,0,vs
1.0,all,joint,tabicl_ft:free,,,,0,0,vs
1.0,all,joint,tabicl_ft:structured,,,,0,0,vs
1.0,all,joint,tabicl_ft:structured_ya,,,,0,0,vs
1.0,all,joint,tabm:chained,0.18400953357291744,0.17968994740831598,0.1883291197375189,5,5,vs
1.0,all,joint,tabm:clip,0.08596962377149471,0.07936456053662645,0.09257468700636297,5,5,vs
1.0,all,joint,tabm:free,0.010241011957102053,0.001998504081426376,0.018483519832777733,5,5,vs
1.0,all,joint,tabm:structured,0.16977613729991298,0.16207655979798669,0.17747571480183927,5,5,vs
1.0,all,joint,tabm:structured_ya,0.18242440548592823,0.17386814510263535,0.1909806658692211,5,5,vs
