target,learner,level,configs,seconds,n_train,labels_kept_mean,labels_kept_min,labels_kept_max,epochs,ess,ft_gain
n,qrf,0.03,40,2.478,260.5,0.043,0.024,0.064,,,
n,qrf,0.1,40,2.688,775.75,0.128,0.023,0.163,,,
n,qrf,0.3,40,3.068,2006.7,0.332,0.05,0.518,,,
n,qrf,1.0,5,5.38,6044.8,1.0,1.0,1.0,,,
n,tabm,0.03,40,5.722,260.5,0.043,0.024,0.064,41.175,,
n,tabm,0.1,40,9.91,775.75,0.128,0.023,0.163,41.45,,
n,tabm,0.3,40,12.545,2006.7,0.332,0.05,0.518,47.65,,
n,tabm,1.0,5,25.7,6044.8,1.0,1.0,1.0,61.4,,
n,tabicl,0.03,40,67.85,260.5,0.043,0.024,0.064,,260.5,
n,tabicl,0.1,40,73.22,775.75,0.128,0.023,0.163,,775.75,
n,tabicl,0.3,40,46.082,2006.7,0.332,0.05,0.518,,2006.7,
n,tabicl,1.0,5,47.34,6044.8,1.0,1.0,1.0,,6044.8,
n,tabicl_ft,0.03,40,94.012,260.5,0.043,0.024,0.064,17.1,260.5,0.006
n,tabicl_ft,0.1,40,113.008,775.75,0.128,0.023,0.163,14.95,775.75,0.002
cec,qrf,0.03,40,3.795,489.4,0.032,0.026,0.036,,,
cec,qrf,0.1,40,4.165,1593.775,0.104,0.092,0.126,,,
cec,qrf,0.3,40,5.5,4640.325,0.302,0.288,0.321,,,
cec,qrf,1.0,5,11.9,15373.6,1.0,1.0,1.0,,,
cec,tabm,0.03,40,11.1,489.4,0.032,0.026,0.036,48.025,,
cec,tabm,0.1,40,15.952,1593.775,0.104,0.092,0.126,62.6,,
cec,tabm,0.3,40,24.74,4640.325,0.302,0.288,0.321,70.575,,
cec,tabm,1.0,5,53.08,15373.6,1.0,1.0,1.0,53.8,,
cec,tabicl,0.03,40,174.318,489.4,0.032,0.026,0.036,,286.879,
cec,tabicl,0.1,40,96.645,1593.775,0.104,0.092,0.126,,948.918,
cec,tabicl,0.3,40,105.352,4640.325,0.302,0.288,0.321,,2868.975,
cec,tabicl,1.0,5,150.9,15373.6,1.0,1.0,1.0,,9646.143,
cec,tabicl_ft,0.03,40,218.652,489.4,0.032,0.026,0.036,16.075,286.879,0.007
cec,tabicl_ft,0.1,40,159.84,1593.775,0.104,0.092,0.126,11.775,948.918,0.002
