level,scheme,target,arm,skill,lo,hi,n_folds,units
0.03,group,cec,ptf,0.07611864568812006,0.019820320973226287,0.13241697040301384,5,25
0.03,group,cec,ptf_marg,0.08727638919118524,0.047186001825970894,0.1273667765563996,5,25
0.03,group,cec,qrf:chained,0.09480255269665486,0.08145364512542598,0.10815146026788373,5,25
0.03,group,cec,qrf:clip,0.06481134420060329,0.04799978018519909,0.08162290821600748,5,25
0.03,group,cec,qrf:free,0.0,0.0,0.0,5,25
0.03,group,cec,qrf:oracle_ya,0.4685358136068512,0.41708280766933997,0.5199888195443625,5,25
0.03,group,cec,qrf:structured,0.1286540436855103,0.11174052248751731,0.1455675648835033,5,25
0.03,group,cec,qrf:structured_og,0.1200220780921329,0.11100907982791261,0.1290350763563532,5,25
0.03,group,cec,qrf:structured_ya,0.13056473545576758,0.1116500618089301,0.14947940910260504,5,25
0.03,group,cec,tabicl:chained,0.12000673606512802,0.09545780746354651,0.14455566466670952,5,25
0.03,group,cec,tabicl:clip,0.08368126105164012,0.053874673842030034,0.11348784826125019,5,25
0.03,group,cec,tabicl:free,0.004863616258378646,-0.021163022540450136,0.030890255057207428,5,25
0.03,group,cec,tabicl:oracle_ya,0.4531661350259723,0.42127917243290164,0.48505309761904297,5,25
0.03,group,cec,tabicl:structured,0.12447464057119102,0.10487230661748645,0.1440769745248956,5,25
0.03,group,cec,tabicl:structured_og,0.11600493301480726,0.09506319850549566,0.13694666752411885,5,25
0.03,group,cec,tabicl:structured_ya,0.13131307179877227,0.10906592656028649,0.15356021703725806,5,25
0.03,group,cec,tabicl_ft:chained,0.11973041803867238,0.09632493964414032,0.14313589643320443,5,25
0.03,group,cec,tabicl_ft:clip,0.0837763353910497,0.051529556738891466,0.11602311404320793,5,25
0.03,group,cec,tabicl_ft:free,0.0038747578171360957,-0.02160185778053097,0.029351373414803157,5,25
0.03,group,cec,tabicl_ft:oracle_ya,0.4519292751283313,0.4135300586638916,0.49032849159277103,5,25
0.03,group,cec,tabicl_ft:structured,0.12367071988703557,0.10764244487043848,0.13969899490363266,5,25
0.03,group,cec,tabicl_ft:structured_og,0.11510176090174946,0.0979085686675177,0.13229495313598125,5,25
0.03,group,cec,tabicl_ft:structured_ya,0.13080365891046927,0.11041212301512894,0.15119519480580962,5,25
0.03,group,cec,tabm:chained,0.08812655499747551,0.06380276450944469,0.11245034548550634,5,25
0.03,group,cec,tabm:clip,0.03333388959496604,0.004523417649614812,0.06214436154031727,5,25
0.03,group,cec,tabm:free,-0.09642382552675491,-0.13380424039290384,-0.05904341066060599,5,25
0.03,group,cec,tabm:oracle_ya,0.442422704252501,0.403057752383233,0.48178765612176905,5,25
0.03,group,cec,tabm:structured,0.1147543940184651,0.09359683357120138,0.13591195446572882,5,25
0.03,group,cec,tabm:structured_og,0.10872835096465908,0.09159300435573982,0.12586369757357835,5,25
0.03,group,cec,tabm:structured_ya,0.12245337789608127,0.10187668147344829,0.14303007431871423,5,25
0.03,group,n,ptf,0.09855463698554703,0.0739088821398998,0.12320039183119427,5,25
0.03,group,n,ptf_marg,0.09822456274110074,0.06765146208334417,0.12879766339885731,5,25
0.03,group,n,qrf:chained,0.12235434412907416,0.10580653616271639,0.13890215209543194,5,25
0.03,group,n,qrf:clip,0.05706396393548609,0.03973150151087926,0.07439642636009292,5,25
0.03,group,n,qrf:free,0.0,0.0,0.0,5,25
0.03,group,n,qrf:oracle_ya,0.42159592531641216,0.3182261882108159,0.5249656624220085,5,25
0.03,group,n,qrf:structured,0.12720807433365763,0.0874725044764475,0.16694364419086777,5,25
0.03,group,n,qrf:structured_og,,,,0,0
0.03,group,n,qrf:structured_ya,0.14348210444935963,0.1115753238087816,0.17538888508993766,5,25
0.03,group,n,tabicl:chained,0.061898665073118295,-0.15969764369652106,0.2834949738427576,5,25
0.03,group,n,tabicl:clip,0.06666960113233675,0.04117043801601798,0.09216876424865551,5,25
0.03,group,n,tabicl:free,-0.020879665549922176,-0.06636412046098222,0.02460478936113787,5,25
0.03,group,n,tabicl:oracle_ya,0.3751478677048017,0.2314784748910014,0.518817260518602,5,25
0.03,group,n,tabicl:structured,0.09483656029597523,0.03332140255156526,0.1563517180403852,5,25
0.03,group,n,tabicl:structured_og,,,,0,0
0.03,group,n,tabicl:structured_ya,0.11927666588439564,0.06856152797879507,0.16999180378999623,5,25
0.03,group,n,tabicl_ft:chained,0.08880181146814894,-0.05073790685952337,0.22834152979582126,5,25
0.03,group,n,tabicl_ft:clip,0.06374177546991443,0.03518929160745084,0.09229425933237802,5,25
0.03,group,n,tabicl_ft:free,-0.027354410142433415,-0.07309024052827487,0.01838142024340804,5,25
0.03,group,n,tabicl_ft:oracle_ya,0.39262300932225686,0.26066612677865847,0.5245798918658553,5,25
0.03,group,n,tabicl_ft:structured,0.10423426193213788,0.045931372470377915,0.16253715139389785,5,25
0.03,group,n,tabicl_ft:structured_og,,,,0,0
0.03,group,n,tabicl_ft:structured_ya,0.12759702461881942,0.08281457514144243,0.17237947409619642,5,25
0.03,group,n,tabm:chained,0.12879992751448271,0.1004428271550664,0.15715702787389904,5,25
0.03,group,n,tabm:clip,0.013606661535492878,-0.038751201048590714,0.06596452411957647,5,25
0.03,group,n,tabm:free,-0.04065440456894307,-0.09199949558105812,0.010690686443171976,5,25
0.03,group,n,tabm:oracle_ya,0.41051247106470357,0.3632530252062152,0.4577719169231919,5,25
0.03,group,n,tabm:structured,0.1286435810440607,0.11243736193603267,0.14484980015208873,5,25
0.03,group,n,tabm:structured_og,,,,0,0
0.03,group,n,tabm:structured_ya,0.14120579875098144,0.13484967118577162,0.14756192631619125,5,25
0.03,random,cec,ptf,-0.018659730974321238,-0.07183021192247527,0.0345107499738328,5,15
0.03,random,cec,ptf_marg,-0.007911323772207135,-0.04858006869024239,0.032757421145828115,5,15
0.03,random,cec,qrf:chained,0.04866218493677012,0.040179898575093694,0.05714447129844654,5,15
0.03,random,cec,qrf:clip,0.02397164631081953,0.014044283119403247,0.03389900950223581,5,15
0.03,random,cec,qrf:free,0.0,0.0,0.0,5,15
0.03,random,cec,qrf:oracle_ya,0.5239060059197859,0.47744371269768743,0.5703682991418844,5,15
0.03,random,cec,qrf:structured,0.06285450949272209,0.05567880903655211,0.07003020994889207,5,15
0.03,random,cec,qrf:structured_og,0.060208340431777294,0.052011717054588166,0.06840496380896642,5,15
0.03,random,cec,qrf:structured_ya,0.06365162385053977,0.05615476657426051,0.07114848112681903,5,15
0.03,random,cec,tabicl:chained,0.07340751074399034,0.06573932465835447,0.0810756968296262,5,15
0.03,random,cec,tabicl:clip,0.040637829055370875,0.02755420372874845,0.0537214543819933,5,15
0.03,random,cec,tabicl:free,0.017584432155527605,0.012153520396544285,0.023015343914510926,5,15
0.03,random,cec,tabicl:oracle_ya,0.5289501410346025,0.4742477771624896,0.5836525049067153,5,15
0.03,random,cec,tabicl:structured,0.06318331377203644,0.05025525502048203,0.07611137252359085,5,15
0.03,random,cec,tabicl:structured_og,0.06058894846385983,0.046013089128339534,0.07516480779938012,5,15
0.03,random,cec,tabicl:structured_ya,0.06889784305063866,0.05676271631500376,0.08103296978627356,5,15
0.03,random,cec,tabicl_ft:chained,0.07326646510121998,0.06677115701062547,0.07976177319181449,5,15
0.03,random,cec,tabicl_ft:clip,0.03960173423746361,0.0247591876656618,0.05444428080926542,5,15
0.03,random,cec,tabicl_ft:free,0.016713237691032095,0.010045381740787396,0.023381093641276794,5,15
0.03,random,cec,tabicl_ft:oracle_ya,0.5315291749202762,0.4766739714592867,0.5863843783812657,5,15
0.03,random,cec,tabicl_ft:structured,0.0643604806499368,0.05219643971993873,0.07652452157993486,5,15
0.03,random,cec,tabicl_ft:structured_og,0.06209670575447512,0.04796118740343111,0.07623222410551914,5,15
0.03,random,cec,tabicl_ft:structured_ya,0.06866045714594922,0.056794242583582136,0.0805266717083163,5,15
0.03,random,cec,tabm:chained,0.05729624812311812,0.05156261265457482,0.06302988359166142,5,15
0.03,random,cec,tabm:clip,0.013075445582331143,-0.004010610895872277,0.030161502060534563,5,15
0.03,random,cec,tabm:free,-0.03325769830140159,-0.05026572766803136,-0.016249668934771824,5,15
0.03,random,cec,tabm:oracle_ya,0.4963961707598001,0.4508974917606803,0.5418948497589199,5,15
0.03,random,cec,tabm:structured,0.05217210359861777,0.042838961139544954,0.06150524605769059,5,15
0.03,random,cec,tabm:structured_og,0.05044696567215203,0.03946126290524981,0.061432668439054254,5,15
0.03,random,cec,tabm:structured_ya,0.05503583645840069,0.045996763196379506,0.06407490972042187,5,15
0.03,random,n,ptf,0.013056029653987628,-0.018524923543535587,0.04463698285151084,5,15
0.03,random,n,ptf_marg,0.014961153398725982,-0.01331246526470039,0.04323477206215236,5,15
0.03,random,n,qrf:chained,0.06623332077629408,0.04940781391729123,0.08305882763529693,5,15
0.03,random,n,qrf:clip,0.021083543864121913,0.0006188555822350013,0.04154823214600882,5,15
0.03,random,n,qrf:free,0.0,0.0,0.0,5,15
0.03,random,n,qrf:oracle_ya,0.4750359320142281,0.4033937096979302,0.546678154330526,5,15
0.03,random,n,qrf:structured,0.07625494868279795,0.04861966907025197,0.10389022829534392,5,15
0.03,random,n,qrf:structured_og,,,,0,0
0.03,random,n,qrf:structured_ya,0.08573244530931202,0.06055609901307713,0.11090879160554692,5,15
0.03,random,n,tabicl:chained,0.08651930100447038,0.055808119888116396,0.11723048212082435,5,15
0.03,random,n,tabicl:clip,0.025406695065883594,0.002151357096384539,0.04866203303538265,5,15
0.03,random,n,tabicl:free,0.004147794080251337,-0.011510110043048617,0.01980569820355129,5,15
0.03,random,n,tabicl:oracle_ya,0.4704936467347487,0.40462007250112675,0.5363672209683706,5,15
0.03,random,n,tabicl:structured,0.0670130685586532,0.0342170405111951,0.09980909660611131,5,15
0.03,random,n,tabicl:structured_og,,,,0,0
0.03,random,n,tabicl:structured_ya,0.0836340130206803,0.05426256878322446,0.11300545725813613,5,15
0.03,random,n,tabicl_ft:chained,0.08635944860096786,0.055571798653744765,0.11714709854819097,5,15
0.03,random,n,tabicl_ft:clip,0.025316868681667277,0.0008674318278067521,0.0497663055355278,5,15
0.03,random,n,tabicl_ft:free,0.00793597905652502,-0.007077225777223778,0.022949183890273818,5,15
0.03,random,n,tabicl_ft:oracle_ya,0.4736042216528663,0.40591383116206325,0.5412946121436694,5,15
0.03,random,n,tabicl_ft:structured,0.07111685968149711,0.04075711157777605,0.10147660778521818,5,15
0.03,random,n,tabicl_ft:structured_og,,,,0,0
0.03,random,n,tabicl_ft:structured_ya,0.0860854828567637,0.05739183677438328,0.11477912893914413,5,15
0.03,random,n,tabm:chained,0.07836329414100775,0.04849689525805262,0.10822969302396288,5,15
0.03,random,n,tabm:clip,4.679274632755836e-05,-0.026228205457195033,0.02632179094985015,5,15
0.03,random,n,tabm:free,-0.03573792187976165,-0.05593069378080899,-0.015545149978714316,5,15
0.03,random,n,tabm:oracle_ya,0.46956619964287344,0.40695176954921786,0.532180629736529,5,15
0.03,random,n,tabm:structured,0.07601777300570561,0.042921891698920474,0.10911365431249076,5,15
0.03,random,n,tabm:structured_og,,,,0,0
0.03,random,n,tabm:structured_ya,0.08614101844243,0.05224409583824732,0.12003794104661267,5,15
0.1,group,cec,ptf,0.04311958402485746,-0.011554304675392583,0.0977934727251075,5,25
0.1,group,cec,ptf_marg,0.05471466893878261,0.011350132919524303,0.09807920495804091,5,25
0.1,group,cec,qrf:chained,0.09967047858732674,0.0731128975532192,0.12622805962143427,5,25
0.1,group,cec,qrf:clip,0.04862818826101941,0.0369261542145983,0.06033022230744052,5,25
0.1,group,cec,qrf:free,0.0,0.0,0.0,5,25
0.1,group,cec,qrf:oracle_ya,0.523057834474397,0.4906023111509507,0.5555133577978434,5,25
0.1,group,cec,qrf:structured,0.11250448783097036,0.07720966798214715,0.14779930767979357,5,25
0.1,group,cec,qrf:structured_og,0.10805941336580818,0.06993522135093491,0.14618360538068145,5,25
0.1,group,cec,qrf:structured_ya,0.11610310673483674,0.08232856651265363,0.14987764695701986,5,25
0.1,group,cec,tabicl:chained,0.11724395055507246,0.08686769032768955,0.14762021078245538,5,25
0.1,group,cec,tabicl:clip,0.058284991394707296,0.03639707040719417,0.08017291238222042,5,25
0.1,group,cec,tabicl:free,0.00900221148529579,-0.005106902925785958,0.023111325896377537,5,25
0.1,group,cec,tabicl:oracle_ya,0.47762897251024167,0.3840179417184415,0.5712400033020418,5,25
0.1,group,cec,tabicl:structured,0.09078672918651194,0.041673747803839783,0.1398997105691841,5,25
0.1,group,cec,tabicl:structured_og,0.08419779099683965,0.031158117262774017,0.13723746473090528,5,25
0.1,group,cec,tabicl:structured_ya,0.10670516485818012,0.06200651487233143,0.15140381484402882,5,25
0.1,group,cec,tabicl_ft:chained,0.11697777758046628,0.08807645707928836,0.14587909808164418,5,25
0.1,group,cec,tabicl_ft:clip,0.05757532980292379,0.033354703967835714,0.08179595563801187,5,25
0.1,group,cec,tabicl_ft:free,0.007210615693001179,-0.010031778592340715,0.02445300997834307,5,25
0.1,group,cec,tabicl_ft:oracle_ya,0.478552757691567,0.38336368179939373,0.5737418335837403,5,25
0.1,group,cec,tabicl_ft:structured,0.09197020404112081,0.04410623898720746,0.13983416909503416,5,25
0.1,group,cec,tabicl_ft:structured_og,0.08545582972726046,0.03223681594437564,0.13867484351014528,5,25
0.1,group,cec,tabicl_ft:structured_ya,0.10840859461471805,0.0672513812327763,0.1495658079966598,5,25
0.1,group,cec,tabm:chained,0.10864565095343062,0.07394852226841758,0.14334277963844366,5,25
0.1,group,cec,tabm:clip,0.030279563258885478,0.008620258138601025,0.05193886837916993,5,25
0.1,group,cec,tabm:free,-0.038792172530710434,-0.0631408972391231,-0.01444344782229777,5,25
0.1,group,cec,tabm:oracle_ya,0.49707817076607663,0.4520382876898371,0.5421180538423161,5,25
0.1,group,cec,tabm:structured,0.1028090204233005,0.07105999501496404,0.13455804583163697,5,25
0.1,group,cec,tabm:structured_og,0.0979864205670355,0.06229782384055006,0.13367501729352094,5,25
0.1,group,cec,tabm:structured_ya,0.10934368345750092,0.07960134609682351,0.13908602081817834,5,25
0.1,group,n,ptf,0.04032905410290823,0.009489073732561738,0.07116903447325472,5,25
0.1,group,n,ptf_marg,0.04065181134945316,0.01502189127177117,0.06628173142713514,5,25
0.1,group,n,qrf:chained,0.0941771029416899,0.0756945804326447,0.11265962545073512,5,25
0.1,group,n,qrf:clip,0.025024971417084867,0.0062958188296929445,0.043754124004476785,5,25
0.1,group,n,qrf:free,0.0,0.0,0.0,5,25
0.1,group,n,qrf:oracle_ya,0.4603614477033798,0.3879942803016272,0.5327286151051324,5,25
0.1,group,n,qrf:structured,0.09223841522208998,0.07083096758507432,0.11364586285910563,5,25
0.1,group,n,qrf:structured_og,,,,0,0
0.1,group,n,qrf:structured_ya,0.10796433238168275,0.08586138207749157,0.13006728268587395,5,25
0.1,group,n,tabicl:chained,0.10281563602377242,0.07664207289095533,0.12898919915658952,5,25
0.1,group,n,tabicl:clip,0.04052088979208006,0.01663303998270509,0.06440873960145503,5,25
0.1,group,n,tabicl:free,0.007866502205181152,-0.008354278641141277,0.02408728305150358,5,25
0.1,group,n,tabicl:oracle_ya,0.43575737953109794,0.3665914137830012,0.5049233452791947,5,25
0.1,group,n,tabicl:structured,0.07508275536427758,0.04448893536014961,0.10567657536840555,5,25
0.1,group,n,tabicl:structured_og,,,,0,0
0.1,group,n,tabicl:structured_ya,0.09844771385827415,0.06268835685756727,0.13420707085898104,5,25
0.1,group,n,tabicl_ft:chained,0.10040650496960124,0.07268232716356657,0.1281306827756359,5,25
0.1,group,n,tabicl_ft:clip,0.03940049166318262,0.015240512253487982,0.06356047107287727,5,25
0.1,group,n,tabicl_ft:free,0.007779053160634248,-0.009326233149380516,0.02488433947064901,5,25
0.1,group,n,tabicl_ft:oracle_ya,0.44465342721608137,0.38214884347549705,0.5071580109566657,5,25
0.1,group,n,tabicl_ft:structured,0.07958748615086902,0.050684427708133195,0.10849054459360485,5,25
0.1,group,n,tabicl_ft:structured_og,,,,0,0
0.1,group,n,tabicl_ft:structured_ya,0.10363041309956263,0.07407906009144459,0.13318176610768068,5,25
0.1,group,n,tabm:chained,0.10414119573830352,0.08650311278134941,0.12177927869525763,5,25
0.1,group,n,tabm:clip,0.01307599876861392,-0.01787741934594156,0.044029416883169394,5,25
0.1,group,n,tabm:free,-0.02088020601075819,-0.04474748590499346,0.0029870738834770795,5,25
0.1,group,n,tabm:oracle_ya,0.4457861779812017,0.36831301091850405,0.5232593450438994,5,25
0.1,group,n,tabm:structured,0.09151419505133575,0.06775976889797161,0.11526862120469988,5,25
0.1,group,n,tabm:structured_og,,,,0,0
0.1,group,n,tabm:structured_ya,0.10861175758028618,0.08738040960822778,0.12984310555234457,5,25
0.1,random,cec,ptf,-0.05331476295669715,-0.1107169229990358,0.0040873970856415,5,15
0.1,random,cec,ptf_marg,-0.043133894526964915,-0.08746916072075314,0.0012013716668233115,5,15
0.1,random,cec,qrf:chained,0.03496950013799567,0.029025539105756157,0.040913461170235185,5,15
0.1,random,cec,qrf:clip,0.01223162347682006,0.003454686624221357,0.021008560329418762,5,15
0.1,random,cec,qrf:free,0.0,0.0,0.0,5,15
0.1,random,cec,qrf:oracle_ya,0.5384840628177361,0.494174579384117,0.5827935462513552,5,15
0.1,random,cec,qrf:structured,0.037795164956095736,0.026960701608104324,0.04862962830408715,5,15
0.1,random,cec,qrf:structured_og,0.03703918448727277,0.026674275987436206,0.04740409298710933,5,15
0.1,random,cec,qrf:structured_ya,0.03954774010662011,0.029673568601838413,0.04942191161140182,5,15
0.1,random,cec,tabicl:chained,0.05306110789588828,0.03849833795700183,0.06762387783477473,5,15
0.1,random,cec,tabicl:clip,0.028734221355888555,0.019281700050864582,0.03818674266091253,5,15
0.1,random,cec,tabicl:free,0.02018178273423538,0.013493875216069932,0.026869690252400828,5,15
0.1,random,cec,tabicl:oracle_ya,0.5413258344985581,0.49201941630035806,0.5906322526967581,5,15
0.1,random,cec,tabicl:structured,0.04136193384344255,0.028886573614937936,0.053837294071947164,5,15
0.1,random,cec,tabicl:structured_og,0.039912669383683916,0.02824723410039961,0.05157810466696822,5,15
0.1,random,cec,tabicl:structured_ya,0.048568295311818464,0.03801555398448494,0.05912103663915199,5,15
0.1,random,cec,tabicl_ft:chained,0.05314855198459939,0.03884486764622641,0.06745223632297237,5,15
0.1,random,cec,tabicl_ft:clip,0.02836954122847945,0.018223505889132866,0.03851557656782603,5,15
0.1,random,cec,tabicl_ft:free,0.02047401329182731,0.014490471415993599,0.026457555167661025,5,15
0.1,random,cec,tabicl_ft:oracle_ya,0.5412723956734016,0.4918479844785239,0.5906968068682793,5,15
0.1,random,cec,tabicl_ft:structured,0.041254941065334935,0.02881397251361809,0.053695909617051785,5,15
0.1,random,cec,tabicl_ft:structured_og,0.03987932795093208,0.02828678256904011,0.051471873332824054,5,15
0.1,random,cec,tabicl_ft:structured_ya,0.048795720445685434,0.03810412793073043,0.059487312960640436,5,15
0.1,random,cec,tabm:chained,0.042253181579676925,0.035184756263749575,0.049321606895604275,5,15
0.1,random,cec,tabm:clip,0.001749993535016385,-0.007535614385249929,0.0110356014552827,5,15
0.1,random,cec,tabm:free,-0.026303961312666924,-0.04634582173033862,-0.00626210089499523,5,15
0.1,random,cec,tabm:oracle_ya,0.5194132348023925,0.4817166610678243,0.5571098085369608,5,15
0.1,random,cec,tabm:structured,0.03119976768623079,0.017297681742090183,0.0451018536303714,5,15
0.1,random,cec,tabm:structured_og,0.030413639779562802,0.015532085874155015,0.04529519368497059,5,15
0.1,random,cec,tabm:structured_ya,0.04069501421477668,0.03139164871273033,0.04999837971682303,5,15
0.1,random,n,ptf,-0.036939081400159515,-0.05818777309797594,-0.015690389702343092,5,15
0.1,random,n,ptf_marg,-0.034139301576209063,-0.04898271246874175,-0.019295890683676372,5,15
0.1,random,n,qrf:chained,0.042360485134503696,0.02878775646685562,0.05593321380215177,5,15
0.1,random,n,qrf:clip,0.010228708967534568,-0.007982137339127051,0.028439555274196185,5,15
0.1,random,n,qrf:free,0.0,0.0,0.0,5,15
0.1,random,n,qrf:oracle_ya,0.46836826074781557,0.41126189268487234,0.5254746288107588,5,15
0.1,random,n,qrf:structured,0.032557573244143295,0.024459169660025502,0.04065597682826109,5,15
0.1,random,n,qrf:structured_og,,,,0,0
0.1,random,n,qrf:structured_ya,0.04623984959932977,0.03835046301045815,0.054129236188201396,5,15
0.1,random,n,tabicl:chained,0.050635203508238094,0.03704511802912515,0.06422528898735104,5,15
0.1,random,n,tabicl:clip,0.02114077116575803,-1.727127894413788e-06,0.04228326945941048,5,15
0.1,random,n,tabicl:free,0.013360791466328315,0.006048593257591841,0.020672989675064788,5,15
0.1,random,n,tabicl:oracle_ya,0.4690392800137763,0.41576378565713956,0.5223147743704131,5,15
0.1,random,n,tabicl:structured,0.029604648825199604,0.016426776207805728,0.04278252144259348,5,15
0.1,random,n,tabicl:structured_og,,,,0,0
0.1,random,n,tabicl:structured_ya,0.04999034293004559,0.03618470056480751,0.06379598529528366,5,15
0.1,random,n,tabicl_ft:chained,0.05094585508415338,0.037437229724650634,0.06445448044365612,5,15
0.1,random,n,tabicl_ft:clip,0.019370372150481225,-0.00458883332790444,0.04332957762886689,5,15
0.1,random,n,tabicl_ft:free,0.012076353074973012,0.004938132498007539,0.019214573651938485,5,15
0.1,random,n,tabicl_ft:oracle_ya,0.47058951924382225,0.41623616848671646,0.524942870000928,5,15
0.1,random,n,tabicl_ft:structured,0.03173597076981072,0.018040604204465197,0.04543133733515624,5,15
0.1,random,n,tabicl_ft:structured_og,,,,0,0
0.1,random,n,tabicl_ft:structured_ya,0.051049937912117614,0.037964926119683065,0.06413494970455216,5,15
0.1,random,n,tabm:chained,0.04568725242516962,0.03415096896645518,0.05722353588388406,5,15
0.1,random,n,tabm:clip,0.0031877663278593615,-0.025653144921073758,0.03202867757679248,5,15
0.1,random,n,tabm:free,-0.008516611855436826,-0.024711368833264427,0.007678145122390775,5,15
0.1,random,n,tabm:oracle_ya,0.45144767628892823,0.390311402684387,0.5125839498934694,5,15
0.1,random,n,tabm:structured,0.030165819441763553,0.017006049353850194,0.04332558952967691,5,15
0.1,random,n,tabm:structured_og,,,,0,0
0.1,random,n,tabm:structured_ya,0.04675170851783502,0.033758481242860884,0.05974493579280916,5,15
0.3,group,cec,ptf,-0.016530429513802947,-0.06748577881733847,0.03442491978973257,5,25
0.3,group,cec,ptf_marg,-0.008471835571528575,-0.05217715637608178,0.035233485233024636,5,25
0.3,group,cec,qrf:chained,0.06735382771244554,0.055386910406657906,0.07932074501823316,5,25
0.3,group,cec,qrf:clip,0.025436946227789352,0.01623396487558517,0.03463992757999353,5,25
0.3,group,cec,qrf:free,0.0,0.0,0.0,5,25
0.3,group,cec,qrf:oracle_ya,0.5363030339855835,0.5057416276888628,0.5668644402823043,5,25
0.3,group,cec,qrf:structured,0.0685554321396312,0.05692704016367556,0.08018382411558683,5,25
0.3,group,cec,qrf:structured_og,0.06750206377367415,0.05562588904374877,0.07937823850359954,5,25
0.3,group,cec,qrf:structured_ya,0.07133570700767913,0.058264169916936295,0.08440724409842197,5,25
0.3,group,cec,tabicl:chained,0.07942846213826397,0.06647217105918701,0.09238475321734094,5,25
0.3,group,cec,tabicl:clip,0.0386290243094151,0.029351544207338404,0.0479065044114918,5,25
0.3,group,cec,tabicl:free,0.01693642876643591,-0.0009792400980539046,0.03485209763092573,5,25
0.3,group,cec,tabicl:oracle_ya,0.5310017905884836,0.492717537336923,0.5692860438400442,5,25
0.3,group,cec,tabicl:structured,0.06847007462806208,0.05835020682120569,0.07858994243491847,5,25
0.3,group,cec,tabicl:structured_og,0.06508789685863256,0.05362218720735944,0.07655360650990568,5,25
0.3,group,cec,tabicl:structured_ya,0.0782045903886434,0.0652216756652638,0.091187505112023,5,25
0.3,group,cec,tabicl_ft:chained,,,,0,0
0.3,group,cec,tabicl_ft:clip,,,,0,0
0.3,group,cec,tabicl_ft:free,,,,0,0
0.3,group,cec,tabicl_ft:oracle_ya,,,,0,0
0.3,group,cec,tabicl_ft:structured,,,,0,0
0.3,group,cec,tabicl_ft:structured_og,,,,0,0
0.3,group,cec,tabicl_ft:structured_ya,,,,0,0
0.3,group,cec,tabm:chained,0.0695763245391057,0.05593459331798825,0.08321805576022315,5,25
0.3,group,cec,tabm:clip,0.011852933643963351,-0.006878151928718674,0.030584019216645376,5,25
0.3,group,cec,tabm:free,-0.03266867122371129,-0.05490606371054907,-0.010431278736873509,5,25
0.3,group,cec,tabm:oracle_ya,0.5190063760896197,0.4936133673576447,0.5443993848215948,5,25
0.3,group,cec,tabm:structured,0.06053462608695174,0.04658078271248016,0.07448846946142332,5,25
0.3,group,cec,tabm:structured_og,0.05939472062685638,0.04480934536847355,0.07398009588523921,5,25
0.3,group,cec,tabm:structured_ya,0.0719837229899457,0.05810738526202488,0.0858600607178665,5,25
0.3,group,n,ptf,-0.016556658080681005,-0.035407632501785816,0.0022943163404238083,5,25
0.3,group,n,ptf_marg,-0.014955082184728786,-0.029802193065953594,-0.00010797130350397727,5,25
0.3,group,n,qrf:chained,0.061719056915919966,0.04853857958985362,0.07489953424198631,5,25
0.3,group,n,qrf:clip,0.014444272899047983,-0.0037010293783029113,0.03258957517639888,5,25
0.3,group,n,qrf:free,0.0,0.0,0.0,5,25
0.3,group,n,qrf:oracle_ya,0.45649559760048897,0.39214777708917337,0.5208434181118046,5,25
0.3,group,n,qrf:structured,0.04673670660550096,0.02763938863799918,0.06583402457300273,5,25
0.3,group,n,qrf:structured_og,,,,0,0
0.3,group,n,qrf:structured_ya,0.06391538408689544,0.04891747963818616,0.07891328853560473,5,25
0.3,group,n,tabicl:chained,0.06480744435451156,0.050622421639740615,0.07899246706928251,5,25
0.3,group,n,tabicl:clip,0.023317545397824997,0.002719936233169875,0.043915154562480116,5,25
0.3,group,n,tabicl:free,0.0035961520673406964,-0.0017920580256234817,0.008984362160304874,5,25
0.3,group,n,tabicl:oracle_ya,0.45746898675990877,0.39439199434645456,0.520545979173363,5,25
0.3,group,n,tabicl:structured,0.04135850232294265,0.01814618859898208,0.06457081604690322,5,25
0.3,group,n,tabicl:structured_og,,,,0,0
0.3,group,n,tabicl:structured_ya,0.06411219915386904,0.04808473698928856,0.08013966131844952,5,25
0.3,group,n,tabicl_ft:chained,,,,0,0
0.3,group,n,tabicl_ft:clip,,,,0,0
0.3,group,n,tabicl_ft:free,,,,0,0
0.3,group,n,tabicl_ft:oracle_ya,,,,0,0
0.3,group,n,tabicl_ft:structured,,,,0,0
0.3,group,n,tabicl_ft:structured_og,,,,0,0
0.3,group,n,tabicl_ft:structured_ya,,,,0,0
0.3,group,n,tabm:chained,0.06311567449741659,0.049221729503123285,0.0770096194917099,5,25
0.3,group,n,tabm:clip,0.002182141532201242,-0.014594554506861023,0.018958837571263508,5,25
0.3,group,n,tabm:free,-0.014527810059831652,-0.027788923577124182,-0.0012666965425391242,5,25
0.3,group,n,tabm:oracle_ya,0.450166270928524,0.37939455180349047,0.5209379900535576,5,25
0.3,group,n,tabm:structured,0.04596384316722477,0.02606984733337309,0.06585783900107646,5,25
0.3,group,n,tabm:structured_og,,,,0,0
0.3,group,n,tabm:structured_ya,0.06465682261214087,0.049503906034009115,0.07980973919027262,5,25
0.3,random,cec,ptf,-0.08022802158906153,-0.14438336749843533,-0.016072675679687717,5,15
0.3,random,cec,ptf_marg,-0.07055050512864947,-0.12475753509756238,-0.016343475159736547,5,15
0.3,random,cec,qrf:chained,0.021739451018028974,0.010423060735013702,0.03305584130104425,5,15
0.3,random,cec,qrf:clip,0.0005981697450121372,-0.009110656101430262,0.010306995591454537,5,15
0.3,random,cec,qrf:free,0.0,0.0,0.0,5,15
0.3,random,cec,qrf:oracle_ya,0.5440208330197251,0.49661046244965457,0.5914312035897957,5,15
0.3,random,cec,qrf:structured,0.02050017695646476,0.0068296867747186345,0.03417066713821089,5,15
0.3,random,cec,qrf:structured_og,0.020354935318835803,0.007184783763470478,0.033525086874201124,5,15
0.3,random,cec,qrf:structured_ya,0.022743046774567843,0.009514009595378261,0.03597208395375742,5,15
0.3,random,cec,tabicl:chained,0.03676840480538465,0.025818576396009672,0.04771823321475963,5,15
0.3,random,cec,tabicl:clip,0.01741655489564388,0.006483695160355792,0.028349414630931966,5,15
0.3,random,cec,tabicl:free,0.021966431479005587,0.014425780013820593,0.02950708294419058,5,15
0.3,random,cec,tabicl:oracle_ya,0.5475624299596383,0.4970532675475176,0.598071592371759,5,15
0.3,random,cec,tabicl:structured,0.02330105191691596,0.006891795121849897,0.03971030871198202,5,15
0.3,random,cec,tabicl:structured_og,0.022437509722792754,0.006548392878214217,0.03832662656737129,5,15
0.3,random,cec,tabicl:structured_ya,0.030896118996099557,0.018533618876702223,0.04325861911549689,5,15
0.3,random,cec,tabicl_ft:chained,,,,0,0
0.3,random,cec,tabicl_ft:clip,,,,0,0
0.3,random,cec,tabicl_ft:free,,,,0,0
0.3,random,cec,tabicl_ft:oracle_ya,,,,0,0
0.3,random,cec,tabicl_ft:structured,,,,0,0
0.3,random,cec,tabicl_ft:structured_og,,,,0,0
0.3,random,cec,tabicl_ft:structured_ya,,,,0,0
0.3,random,cec,tabm:chained,0.024787239337148888,0.015400049422672828,0.03417442925162495,5,15
0.3,random,cec,tabm:clip,-0.014493947374236949,-0.018511127446428334,-0.010476767302045564,5,15
0.3,random,cec,tabm:free,-0.031162064486815,-0.04117648212711133,-0.021147646846518674,5,15
0.3,random,cec,tabm:oracle_ya,0.5317336168720169,0.4853948762314802,0.5780723575125537,5,15
0.3,random,cec,tabm:structured,0.017180123462529395,0.0003283822462659472,0.03403186467879284,5,15
0.3,random,cec,tabm:structured_og,0.01722116263094479,4.84358480401445e-05,0.03439388941384944,5,15
0.3,random,cec,tabm:structured_ya,0.020674016404258692,-0.00026217962092834474,0.04161021242944573,5,15
0.3,random,n,ptf,-0.058331819663898166,-0.07179763504075465,-0.04486600428704168,5,15
0.3,random,n,ptf_marg,-0.05489632844549201,-0.06981735819718254,-0.039975298693801474,5,15
0.3,random,n,qrf:chained,0.03056304524572397,0.016888588373406274,0.044237502118041665,5,15
0.3,random,n,qrf:clip,0.005175340642950806,-0.00862826872589334,0.018978950011794952,5,15
0.3,random,n,qrf:free,0.0,0.0,0.0,5,15
0.3,random,n,qrf:oracle_ya,0.4629711942066194,0.4067983033543154,0.5191440850589235,5,15
0.3,random,n,qrf:structured,0.014955508664413975,0.001532637555371627,0.028378379773456322,5,15
0.3,random,n,qrf:structured_og,,,,0,0
0.3,random,n,qrf:structured_ya,0.03141682427769984,0.020963057000300545,0.04187059155509913,5,15
0.3,random,n,tabicl:chained,0.03503962123596727,0.025720859096403783,0.04435838337553076,5,15
0.3,random,n,tabicl:clip,0.016441677585127067,-0.005018233810251783,0.03790158898050591,5,15
0.3,random,n,tabicl:free,0.013613789636656515,0.0030129942094162428,0.024214585063896787,5,15
0.3,random,n,tabicl:oracle_ya,0.46639078142258744,0.41565734313678054,0.5171242197083944,5,15
0.3,random,n,tabicl:structured,0.014377300826618871,-0.0024566349074836447,0.03121123656072139,5,15
0.3,random,n,tabicl:structured_og,,,,0,0
0.3,random,n,tabicl:structured_ya,0.0356820472536382,0.024274746285158393,0.04708934822211801,5,15
0.3,random,n,tabicl_ft:chained,,,,0,0
0.3,random,n,tabicl_ft:clip,,,,0,0
0.3,random,n,tabicl_ft:free,,,,0,0
0.3,random,n,tabicl_ft:oracle_ya,,,,0,0
0.3,random,n,tabicl_ft:structured,,,,0,0
0.3,random,n,tabicl_ft:structured_og,,,,0,0
0.3,random,n,tabicl_ft:structured_ya,,,,0,0
0.3,random,n,tabm:chained,0.02921728232449221,0.014012687382637175,0.04442187726634725,5,15
0.3,random,n,tabm:clip,-0.00931613049645948,-0.03832904573443349,0.019696784741514536,5,15
0.3,random,n,tabm:free,-0.014275731809418959,-0.03535647005812871,0.00680500643929079,5,15
0.3,random,n,tabm:oracle_ya,0.45672701289518275,0.41329257961694077,0.5001614461734247,5,15
0.3,random,n,tabm:structured,0.014353336841987105,-0.003812665438823382,0.03251933912279759,5,15
0.3,random,n,tabm:structured_og,,,,0,0
0.3,random,n,tabm:structured_ya,0.031440113051372905,0.016241829161729143,0.046638396941016666,5,15
1.0,all,cec,ptf,-0.1026458223080445,-0.161544046531368,-0.043747598084721,5,5
1.0,all,cec,ptf_marg,-0.09283654069929943,-0.14533112927778633,-0.040341952120812534,5,5
1.0,all,cec,qrf:chained,0.011448537721169782,0.0028845939752006125,0.02001248146713895,5,5
1.0,all,cec,qrf:clip,-0.008741540532921088,-0.020639034517560752,0.003155953451718577,5,5
1.0,all,cec,qrf:free,0.0,0.0,0.0,5,5
1.0,all,cec,qrf:oracle_ya,0.5475490026233525,0.49851606065962983,0.5965819445870751,5,5
1.0,all,cec,qrf:structured,0.0036289915622014666,-0.00937331825616041,0.016631301380563342,5,5
1.0,all,cec,qrf:structured_og,0.004044530270653812,-0.009536827133997661,0.017625887675305287,5,5
1.0,all,cec,qrf:structured_ya,0.007495797069307209,-0.006239250880516369,0.021230845019130785,5,5
1.0,all,cec,tabicl:chained,0.021313821721209214,0.011406517986275158,0.03122112545614327,5,5
1.0,all,cec,tabicl:clip,0.011220377237265966,-0.002140140265797433,0.024580894740329366,5,5
1.0,all,cec,tabicl:free,0.025032219724516035,0.014419499194559192,0.03564494025447288,5,5
1.0,all,cec,tabicl:oracle_ya,0.5502295732721828,0.49461265136824306,0.6058464951761225,5,5
1.0,all,cec,tabicl:structured,0.009115399983100337,-0.009772095421174725,0.0280028953873754,5,5
1.0,all,cec,tabicl:structured_og,0.007792228746229468,-0.011492642113985423,0.02707709960644436,5,5
1.0,all,cec,tabicl:structured_ya,0.01662153571349718,0.0025692312940309714,0.03067384013296339,5,5
1.0,all,cec,tabicl_ft:chained,,,,0,0
1.0,all,cec,tabicl_ft:clip,,,,0,0
1.0,all,cec,tabicl_ft:free,,,,0,0
1.0,all,cec,tabicl_ft:oracle_ya,,,,0,0
1.0,all,cec,tabicl_ft:structured,,,,0,0
1.0,all,cec,tabicl_ft:structured_og,,,,0,0
1.0,all,cec,tabicl_ft:structured_ya,,,,0,0
1.0,all,cec,tabm:chained,0.01354894106730955,0.004924958734440104,0.022172923400178998,5,5
1.0,all,cec,tabm:clip,-0.0290255962893188,-0.041861172352487354,-0.016190020226150244,5,5
1.0,all,cec,tabm:free,-0.03534184009326533,-0.05541545827866802,-0.015268221907862645,5,5
1.0,all,cec,tabm:oracle_ya,0.5391533695398522,0.4899356731598463,0.588371065919858,5,5
1.0,all,cec,tabm:structured,0.0037405926888280706,-0.005729455898571621,0.013210641276227762,5,5
1.0,all,cec,tabm:structured_og,0.003386446703895496,-0.005178102098096208,0.0119509955058872,5,5
1.0,all,cec,tabm:structured_ya,0.010790902875335706,0.0025702323304194648,0.019011573420251948,5,5
1.0,all,n,ptf,-0.08022315094203143,-0.1029981147273237,-0.05744818715673916,5,5
1.0,all,n,ptf_marg,-0.07676699716184973,-0.0977757135742923,-0.055758280749407176,5,5
1.0,all,n,qrf:chained,0.017770246910309907,0.0013423121810528654,0.03419818163956695,5,5
1.0,all,n,qrf:clip,0.00012302167610744874,-0.013202680479492697,0.013448723831707594,5,5
1.0,all,n,qrf:free,0.0,0.0,0.0,5,5
1.0,all,n,qrf:oracle_ya,0.4665716053461848,0.4245002083041147,0.5086430023882549,5,5
1.0,all,n,qrf:structured,0.0012420834800434654,-0.014444298214953692,0.01692846517504062,5,5
1.0,all,n,qrf:structured_og,,,,0,0
1.0,all,n,qrf:structured_ya,0.01631231212290165,0.0004625619414474029,0.03216206230435589,5,5
1.0,all,n,tabicl:chained,0.017673465970062963,-0.0014290201154723917,0.03677595205559832,5,5
1.0,all,n,tabicl:clip,0.009650860313917663,-0.0167409357887248,0.036042656416560126,5,5
1.0,all,n,tabicl:free,0.008253277210094723,-0.01079277208737692,0.027299326507566366,5,5
1.0,all,n,tabicl:oracle_ya,0.4707139338289741,0.4313409930758659,0.5100868745820824,5,5
1.0,all,n,tabicl:structured,-0.0021926796585452378,-0.021878365815676197,0.01749300649858572,5,5
1.0,all,n,tabicl:structured_og,,,,0,0
1.0,all,n,tabicl:structured_ya,0.018314860605622197,-0.003693153602754313,0.04032287481399871,5,5
1.0,all,n,tabicl_ft:chained,,,,0,0
1.0,all,n,tabicl_ft:clip,,,,0,0
1.0,all,n,tabicl_ft:free,,,,0,0
1.0,all,n,tabicl_ft:oracle_ya,,,,0,0
1.0,all,n,tabicl_ft:structured,,,,0,0
1.0,all,n,tabicl_ft:structured_og,,,,0,0
1.0,all,n,tabicl_ft:structured_ya,,,,0,0
1.0,all,n,tabm:chained,0.013866120080318978,-0.003279187304565343,0.0310114274652033,5,5
1.0,all,n,tabm:clip,-0.00564612723006046,-0.029741615716511797,0.018449361256390875,5,5
1.0,all,n,tabm:free,-0.00969488361544948,-0.02125380462186654,0.001864037390967582,5,5
1.0,all,n,tabm:oracle_ya,0.4598249569055586,0.409654709780678,0.5099952040304392,5,5
1.0,all,n,tabm:structured,-0.002153039077649499,-0.022926237298948812,0.01862015914364981,5,5
1.0,all,n,tabm:structured_og,,,,0,0
1.0,all,n,tabm:structured_ya,0.01629818477905338,-0.004261721268141599,0.03685809082624836,5,5
